{"stats":{"minecraft:used":{"minecraft:shield":35,"minecraft:iron_sword":706,"minecraft:rotten_flesh":6,"minecraft:carrot":13,"minecraft:oak_sapling":2,"minecraft:furnace":4,"minecraft:stone_pickaxe":130,"minecraft:oak_planks":31,"minecraft:wooden_pickaxe":12,"minecraft:cookie":5,"minecraft:glow_berries":1,"minecraft:bread":18,"tombstone:grave_key":9,"minecraft:stone_sword":104,"minecraft:torch":109,"minecraft:dirt":4,"minecraft:wooden_axe":56,"minecraft:iron_axe":4,"minecraft:cooked_beef":18,"minecraft:cooked_mutton":16,"minecraft:crafting_table":11,"minecraft:white_bed":2,"minecraft:smoker":2,"minecraft:apple":6,"minecraft:iron_pickaxe":488,"minecraft:stone_axe":36,"minecraft:cobblestone":72,"minecraft:cooked_porkchop":31},"minecraft:broken":{"minecraft:stone_pickaxe":1,"minecraft:iron_sword":2,"minecraft:shield":1,"minecraft:iron_pickaxe":1,"minecraft:iron_helmet":1},"minecraft:mined":{"minecraft:white_bed":2,"minecraft:cherry_log":11,"minecraft:budding_amethyst":1,"minecraft:grass_block":5,"minecraft:stone_brick_wall":2,"biomesoplenty:flowering_oak_leaves":1,"minecraft:deepslate_bricks":2,"minecraft:spawner":25,"graveyard:wither_skull_with_rib_cage":1,"minecraft:raw_iron_block":3,"minecraft:fire":1,"minecraft:iron_ore":23,"graveyard:leaning_wither_skeleton":1,"minecraft:moss_carpet":1,"minecraft:deepslate_lapis_ore":9,"minecraft:nether_brick_stairs":1,"minecraft:sculk_shrieker":2,"biomesoplenty:webbing":2,"minecraft:iron_bars":6,"regions_unexplored:silt_grass_block":1,"minecraft:deepslate_redstone_ore":3,"minecraft:smoker":3,"minecraft:torch":1,"minecraft:blast_furnace":1,"minecraft:calcite":11,"minecraft:cobblestone":4,"graveyard:skeleton_hand":1,"minecraft:oak_planks":10,"minecraft:bricks":1,"minecraft:wall_torch":1,"minecraft:amethyst_block":10,"minecraft:chain":1,"minecraft:stone_brick_stairs":1,"minecraft:grass":6,"minecraft:cracked_deepslate_tiles":1,"graveyard:creeper_skeleton":1,"minecraft:oak_log":54,"minecraft:dirt":1,"minecraft:smooth_basalt":9,"minecraft:deepslate":87,"minecraft:deepslate_tiles":1,"minecraft:diamond_ore":2,"minecraft:tuff":3,"minecraft:deepslate_diamond_ore":50,"minecraft:brick_stairs":2,"minecraft:redstone_wire":1,"minecraft:moss_block":2,"minecraft:redstone_ore":5,"minecraft:furnace":4,"minecraft:carrots":1,"minecraft:gold_block":1,"minecraft:deepslate_iron_ore":67,"regions_unexplored:apple_oak_leaves":1,"biomesoplenty:barley":5,"regions_unexplored:medium_grass":1,"minecraft:bamboo":1,"biomesoplenty:spider_egg":1,"minecraft:stone":162,"minecraft:flowering_azalea":1,"minecraft:polished_granite":1,"minecraft:crafting_table":8,"regions_unexplored:volcanic_ash":1,"minecraft:tall_grass":6,"minecraft:copper_ore":6,"minecraft:deepslate_coal_ore":1,"minecraft:deepslate_gold_ore":15,"minecraft:sculk":2,"minecraft:spruce_stairs":1,"graveyard:small_white_urn":1,"graveyard:skull_with_rib_cage":2,"minecraft:coal_ore":77,"minecraft:cobweb":5,"minecraft:cracked_stone_bricks":2,"minecraft:stone_bricks":6,"minecraft:gold_ore":8},"minecraft:dropped":{"minecraft:iron_sword":5,"minecraft:moss_block":1,"graveyard:small_white_urn":1,"minecraft:cracked_stone_bricks":1,"born_in_chaos_v1:nightmare_claw":1,"minecraft:dirt":2,"born_in_chaos_v1:monster_skin":5,"biomesoplenty:flowering_oak_sapling":4,"minecraft:writable_book":1,"minecraft:iron_pickaxe":2,"minecraft:white_wool":5,"minecraft:armor_stand":1,"minecraft:oak_door":3,"minecraft:gravel":14,"minecraft:stone_axe":1,"minecraft:cobbled_deepslate":10,"born_in_chaos_v1:ethereal_spirit":1,"tombstone:gift":3,"minecraft:rotten_flesh":34,"artifacts:villager_hat":1,"born_in_chaos_v1:smoked_flesh":4,"minecraft:chainmail_chestplate":1,"minecraft:tipped_arrow":2,"minecraft:brick_stairs":1,"born_in_chaos_v1:corpse_maggot":16,"minecraft:scaffolding":16,"born_in_chaos_v1:intoxicating_decoction":2,"minecraft:wheat_seeds":4,"minecraft:golden_helmet":1,"minecraft:cherry_log":2,"minecraft:book":3,"minecraft:amethyst_block":10,"minecraft:apple":2,"minecraft:chainmail_helmet":1,"minecraft:stick":2,"minecraft:gray_wool":1,"tombstone:grave_dust":8,"minecraft:potion":1,"minecraft:iron_leggings":1,"minecraft:flowering_azalea":1,"minecraft:iron_axe":1,"minecraft:iron_shovel":1,"minecraft:paper":10,"minecraft:string":11,"minecraft:oxidized_copper":2,"minecraft:smooth_basalt":9,"minecraft:redstone":35,"minecraft:tuff":4,"minecraft:iron_boots":1,"artifacts:flame_pendant":1,"minecraft:name_tag":4,"minecraft:bundle":1,"minecraft:iron_chestplate":3,"minecraft:golden_leggings":1,"minecraft:oak_sapling":10,"minecraft:stone_bricks":6,"minecraft:bamboo":7,"minecraft:spruce_log":2,"minecraft:blue_orchid":3,"minecraft:bow":4,"minecraft:stone_pickaxe":1,"minecraft:calcite":11,"minecraft:black_wool":1},"minecraft:custom":{"minecraft:interact_with_crafting_table":26,"minecraft:open_barrel":51,"minecraft:bell_ring":2,"minecraft:leave_game":5,"minecraft:time_since_death":5306,"minecraft:sprint_one_cm":498501,"minecraft:damage_blocked_by_shield":1902,"minecraft:drop":80,"minecraft:talked_to_villager":1,"minecraft:play_time":204558,"minecraft:deaths":19,"minecraft:jump":2818,"minecraft:interact_with_brewingstand":1,"minecraft:walk_on_water_one_cm":15182,"minecraft:interact_with_furnace":34,"minecraft:interact_with_cartography_table":1,"minecraft:interact_with_loom":2,"minecraft:sleep_in_bed":2,"minecraft:damage_dealt":40130,"minecraft:player_kills":1,"minecraft:crouch_one_cm":10320,"tombstone:undead_killed":97,"minecraft:interact_with_smoker":11,"minecraft:mob_kills":191,"minecraft:interact_with_anvil":1,"minecraft:damage_dealt_resisted":1875,"minecraft:climb_one_cm":2504,"minecraft:walk_one_cm":418332,"minecraft:damage_dealt_absorbed":80,"minecraft:sneak_time":5017,"minecraft:walk_under_water_one_cm":7217,"minecraft:interact_with_lectern":2,"minecraft:interact_with_blast_furnace":1,"minecraft:total_world_time":204558,"minecraft:time_since_rest":5170,"minecraft:damage_taken":12268,"minecraft:trigger_trapped_chest":1,"minecraft:swim_one_cm":22001,"minecraft:fly_one_cm":697592,"minecraft:open_chest":54,"minecraft:fall_one_cm":90430},"minecraft:picked_up":{"irons_spellbooks:scroll":4,"minecraft:iron_chestplate":3,"illagerinvasion:platinum_chunk":2,"minecraft:diamond_sword":1,"regions_unexplored:silt_dirt":1,"minecraft:amethyst_block":10,"minecraft:string":12,"minecraft:raw_copper":16,"minecraft:iron_leggings":1,"minecraft:armor_stand":1,"irons_spellbooks:arcane_essence":43,"minecraft:deepslate_tiles":1,"minecraft:cobbled_deepslate":88,"minecraft:calcite":11,"irons_spellbooks:blank_rune":2,"minecraft:iron_boots":1,"minecraft:furnace":4,"minecraft:tipped_arrow":2,"minecraft:golden_helmet":1,"minecraft:stick":11,"minecraft:torch":44,"minecraft:acacia_log":1,"minecraft:spruce_stairs":1,"minecraft:porkchop":9,"minecraft:cherry_log":13,"tombstone:grave_dust":10,"born_in_chaos_v1:nightmare_claw":1,"minecraft:rotten_flesh":55,"artifacts:villager_hat":1,"artifacts:panic_necklace":1,"minecraft:iron_bars":5,"minecraft:cobblestone":168,"minecraft:birch_log":1,"minecraft:golden_leggings":1,"minecraft:smoker":3,"paraglider:spirit_orb":48,"minecraft:tuff":6,"artifacts:flame_pendant":1,"minecraft:lapis_lazuli":62,"minecraft:dirt":6,"artifacts:flippers":1,"artifacts:shock_pendant":1,"minecraft:polished_granite":1,"born_in_chaos_v1:monster_skin":5,"minecraft:bone":46,"minecraft:bow":4,"minecraft:wheat_seeds":4,"minecraft:raw_gold":23,"minecraft:bamboo":7,"minecraft:moss_block":2,"minecraft:oak_planks":10,"irons_spellbooks:frozen_bone":11,"irons_spellbooks:legendary_ink":1,"graveyard:bone_dagger":1,"minecraft:nether_brick_stairs":1,"minecraft:bundle":1,"minecraft:diamond":52,"minecraft:chainmail_helmet":2,"minecraft:oak_sapling":12,"irons_spellbooks:uncommon_ink":1,"minecraft:bricks":1,"minecraft:crafting_table":8,"minecraft:azure_bluet":4,"artifacts:night_vision_goggles":1,"iceandfire:witherbone":1,"irons_spellbooks:necronomicon_spell_book":1,"minecraft:brown_mushroom":1,"minecraft:gold_block":1,"minecraft:chain":1,"minecraft:moss_carpet":1,"minecraft:iron_axe":1,"artifacts:power_glove":1,"born_in_chaos_v1:intoxicating_decoction":2,"minecraft:blue_orchid":3,"graveyard:corruption":4,"minecraft:cracked_stone_bricks":1,"minecraft:beef":18,"minecraft:raw_iron":88,"regions_unexplored:volcanic_ash":1,"minecraft:cookie":5,"minecraft:carrot":3,"minecraft:redstone":35,"irons_spellbooks:evocation_rune":1,"minecraft:arrow":18,"minecraft:deepslate_bricks":2,"minecraft:brick_stairs":1,"minecraft:glow_berries":1,"minecraft:mutton":16,"minecraft:white_wool":8,"irons_spellbooks:ancient_knowledge_fragment":1,"minecraft:oxeye_daisy":2,"minecraft:cracked_deepslate_tiles":1,"born_in_chaos_v1:corpse_maggot":17,"minecraft:leather":6,"minecraft:oak_log":52,"minecraft:chainmail_chestplate":1,"artifacts:superstitious_hat":1,"irons_spellbooks:rare_ink":1,"graveyard:small_white_urn":1,"minecraft:apple":6,"minecraft:stone_bricks":6,"minecraft:iron_ingot":2,"artifacts:kitty_slippers":1,"minecraft:iron_sword":4,"minecraft:flowering_azalea":1,"minecraft:scaffolding":8,"artifacts:obsidian_skull":1,"minecraft:smooth_basalt":9,"born_in_chaos_v1:ethereal_spirit":3,"minecraft:raw_iron_block":3,"minecraft:blast_furnace":1,"minecraft:white_bed":2,"minecraft:spruce_log":2,"biomesoplenty:flowering_oak_sapling":4,"minecraft:stone_axe":1,"minecraft:iron_helmet":1,"minecraft:gray_wool":1,"tombstone:magic_scroll":3,"minecraft:black_wool":1,"minecraft:coal":184},"minecraft:crafted":{"minecraft:oak_planks":208,"minecraft:cooked_mutton":16,"minecraft:iron_boots":1,"minecraft:cooked_porkchop":9,"minecraft:crafting_table":4,"minecraft:wooden_pickaxe":1,"minecraft:iron_helmet":2,"minecraft:iron_chestplate":3,"minecraft:shield":2,"sophisticatedbackpacks:diamond_backpack":1,"minecraft:stick":24,"minecraft:iron_pickaxe":1,"minecraft:iron_ingot":37,"minecraft:stone_sword":1,"minecraft:gold_ingot":9,"irons_spellbooks:mana_ring":1,"irons_spellbooks:arcane_ingot":4,"minecraft:cherry_planks":44,"minecraft:oak_door":3,"minecraft:raw_iron":9,"minecraft:furnace":4,"minecraft:stone_pickaxe":1,"sophisticatedbackpacks:iron_backpack":1,"minecraft:cooked_beef":18,"minecraft:iron_sword":2,"sophisticatedbackpacks:gold_backpack":1,"minecraft:stone_axe":1,"minecraft:air":0,"minecraft:raw_gold":63,"minecraft:wooden_axe":1,"minecraft:iron_leggings":2,"minecraft:white_bed":1,"minecraft:torch":76},"minecraft:killed_by":{"born_in_chaos_v1:nightmare_stalker":3,"artifacts:mimic":1,"minecraft:zombie":2,"irons_spellbooks:necromancer":1,"irons_spellbooks:dead_king":6,"minecraft:skeleton":1,"irons_spellbooks:archevoker":2},"minecraft:killed":{"born_in_chaos_v1:zombie_clown":1,"minecraft:cave_spider":1,"born_in_chaos_v1:restless_spirit":3,"born_in_chaos_v1:zombie_lumberjack":2,"born_in_chaos_v1:door_knight_not_despawn":1,"minecraft:spider":6,"minecraft:skeleton":18,"graveyard:acolyte":2,"irons_spellbooks:archevoker":1,"irons_spellbooks:summoned_skeleton":3,"artifacts:mimic":10,"minecraft:pig":6,"irons_spellbooks:dead_king":1,"minecraft:zombie_villager":2,"minecraft:creeper":2,"minecraft:sheep":10,"irons_spellbooks:summoned_vex":1,"minecraft:zombie":42,"born_in_chaos_v1:dread_hound":1,"born_in_chaos_v1:corpse_fly":9,"minecraft:stray":7,"graveyard:corrupted_pillager":1,"minecraft:cow":8,"irons_spellbooks:summoned_zombie":9,"graveyard:corrupted_vindicator":3,"born_in_chaos_v1:maggot":28,"graveyard:ghoul":1,"born_in_chaos_v1:baby_skeleton":2,"born_in_chaos_v1:swarmer":2,"born_in_chaos_v1:decrepit_skeleton":6,"born_in_chaos_v1:nightmare_stalker":1,"minecraft:wither_skeleton":1}},"DataVersion":3465}