{"stats":{"minecraft:picked_up":{"minecraft:stick":4,"minecraft:crafting_table":1,"regions_unexplored:larch_log":42,"regions_unexplored:larch_sapling":8},"minecraft:crafted":{"regions_unexplored:larch_planks":12,"minecraft:crafting_table":1,"minecraft:stick":4,"minecraft:wooden_pickaxe":1,"minecraft:wooden_axe":1},"minecraft:broken":{"minecraft:wooden_axe":1},"minecraft:used":{"minecraft:wooden_axe":61,"minecraft:crafting_table":1,"regions_unexplored:larch_log":1},"minecraft:custom":{"minecraft:open_barrel":14,"minecraft:time_since_rest":3209,"minecraft:play_time":3209,"minecraft:sprint_one_cm":6542,"minecraft:walk_one_cm":7298,"minecraft:jump":21,"minecraft:leave_game":1,"minecraft:time_since_death":3209,"minecraft:total_world_time":3209,"minecraft:interact_with_crafting_table":1,"minecraft:fly_one_cm":2567,"minecraft:open_chest":1},"minecraft:mined":{"minecraft:large_fern":1,"minecraft:grass":1,"regions_unexplored:medium_grass":2,"regions_unexplored:larch_log":62,"minecraft:crafting_table":1}},"DataVersion":3465}