{"stats":{"minecraft:used":{"minecraft:stone_sword":104,"minecraft:shield":28,"minecraft:iron_sword":603,"minecraft:rotten_flesh":6,"minecraft:torch":109,"minecraft:dirt":4,"minecraft:carrot":13,"minecraft:wooden_axe":56,"minecraft:iron_axe":1,"minecraft:furnace":4,"minecraft:oak_sapling":2,"minecraft:cooked_beef":18,"minecraft:cooked_mutton":16,"minecraft:oak_planks":31,"minecraft:stone_pickaxe":130,"minecraft:wooden_pickaxe":12,"minecraft:cookie":5,"minecraft:glow_berries":1,"minecraft:crafting_table":10,"minecraft:white_bed":2,"minecraft:smoker":2,"minecraft:apple":6,"minecraft:bread":18,"minecraft:iron_pickaxe":414,"tombstone:grave_key":8,"minecraft:stone_axe":36,"minecraft:cobblestone":55,"minecraft:cooked_porkchop":13},"minecraft:broken":{"minecraft:stone_pickaxe":1,"minecraft:shield":1,"minecraft:iron_sword":1,"minecraft:iron_pickaxe":1,"minecraft:iron_helmet":1},"minecraft:dropped":{"minecraft:iron_sword":2,"minecraft:moss_block":1,"minecraft:wheat_seeds":4,"graveyard:small_white_urn":1,"minecraft:book":3,"minecraft:amethyst_block":10,"minecraft:cracked_stone_bricks":1,"born_in_chaos_v1:nightmare_claw":1,"minecraft:chainmail_helmet":1,"minecraft:stick":2,"minecraft:dirt":2,"minecraft:gray_wool":1,"born_in_chaos_v1:monster_skin":5,"biomesoplenty:flowering_oak_sapling":4,"tombstone:grave_dust":7,"minecraft:iron_leggings":1,"minecraft:flowering_azalea":1,"minecraft:string":5,"minecraft:white_wool":5,"minecraft:smooth_basalt":9,"minecraft:gravel":14,"minecraft:stone_axe":1,"minecraft:cobbled_deepslate":10,"tombstone:gift":1,"born_in_chaos_v1:ethereal_spirit":1,"artifacts:villager_hat":1,"minecraft:rotten_flesh":28,"minecraft:iron_boots":1,"minecraft:chainmail_chestplate":1,"minecraft:bundle":1,"minecraft:iron_chestplate":3,"minecraft:oak_sapling":10,"minecraft:stone_bricks":6,"minecraft:spruce_log":2,"minecraft:bow":2,"minecraft:blue_orchid":3,"minecraft:calcite":11},"minecraft:mined":{"minecraft:tuff":1,"minecraft:diamond_ore":1,"minecraft:deepslate_tiles":1,"minecraft:white_bed":2,"minecraft:deepslate_diamond_ore":16,"minecraft:cherry_log":11,"minecraft:budding_amethyst":1,"minecraft:stone_brick_wall":2,"minecraft:grass_block":5,"biomesoplenty:flowering_oak_leaves":1,"minecraft:redstone_wire":1,"minecraft:deepslate_bricks":2,"minecraft:moss_block":1,"minecraft:spawner":10,"graveyard:wither_skull_with_rib_cage":1,"minecraft:raw_iron_block":3,"minecraft:redstone_ore":5,"minecraft:furnace":4,"minecraft:iron_ore":23,"minecraft:fire":1,"graveyard:leaning_wither_skeleton":1,"minecraft:deepslate_lapis_ore":9,"minecraft:gold_block":1,"minecraft:sculk_shrieker":2,"minecraft:deepslate_iron_ore":67,"biomesoplenty:webbing":2,"regions_unexplored:apple_oak_leaves":1,"regions_unexplored:medium_grass":1,"biomesoplenty:barley":5,"minecraft:bamboo":1,"biomesoplenty:spider_egg":1,"minecraft:stone":160,"regions_unexplored:silt_grass_block":1,"minecraft:deepslate_redstone_ore":3,"minecraft:flowering_azalea":1,"minecraft:smoker":3,"minecraft:crafting_table":7,"minecraft:torch":1,"minecraft:blast_furnace":1,"minecraft:calcite":11,"regions_unexplored:volcanic_ash":1,"minecraft:tall_grass":6,"minecraft:copper_ore":6,"minecraft:cobblestone":4,"minecraft:deepslate_coal_ore":1,"graveyard:skeleton_hand":1,"minecraft:deepslate_gold_ore":15,"minecraft:oak_planks":10,"minecraft:amethyst_block":10,"minecraft:wall_torch":1,"minecraft:chain":1,"graveyard:small_white_urn":1,"graveyard:skull_with_rib_cage":2,"minecraft:stone_brick_stairs":1,"graveyard:creeper_skeleton":1,"minecraft:grass":6,"minecraft:cracked_deepslate_tiles":1,"minecraft:oak_log":54,"minecraft:coal_ore":77,"minecraft:dirt":1,"minecraft:cobweb":4,"minecraft:smooth_basalt":9,"minecraft:cracked_stone_bricks":2,"minecraft:stone_bricks":6,"minecraft:gold_ore":8,"minecraft:deepslate":83},"minecraft:custom":{"minecraft:interact_with_anvil":1,"minecraft:mob_kills":151,"minecraft:interact_with_crafting_table":22,"minecraft:open_barrel":39,"minecraft:bell_ring":2,"minecraft:damage_dealt_resisted":1845,"minecraft:leave_game":5,"minecraft:time_since_death":45701,"minecraft:climb_one_cm":2286,"minecraft:sprint_one_cm":386313,"minecraft:walk_one_cm":358183,"minecraft:damage_blocked_by_shield":1602,"minecraft:drop":43,"minecraft:damage_dealt_absorbed":80,"minecraft:play_time":172732,"minecraft:deaths":16,"minecraft:sneak_time":4053,"minecraft:walk_under_water_one_cm":6427,"minecraft:interact_with_lectern":1,"minecraft:jump":2404,"minecraft:interact_with_blast_furnace":1,"minecraft:walk_on_water_one_cm":12365,"minecraft:total_world_time":172732,"minecraft:interact_with_furnace":33,"minecraft:interact_with_cartography_table":1,"minecraft:interact_with_loom":2,"minecraft:sleep_in_bed":2,"minecraft:time_since_rest":45534,"minecraft:damage_taken":9809,"minecraft:trigger_trapped_chest":1,"minecraft:damage_dealt":32847,"minecraft:player_kills":1,"minecraft:swim_one_cm":22001,"minecraft:fly_one_cm":488025,"minecraft:open_chest":26,"minecraft:crouch_one_cm":9096,"tombstone:undead_killed":66,"minecraft:interact_with_smoker":11,"minecraft:fall_one_cm":70705},"minecraft:picked_up":{"irons_spellbooks:scroll":4,"minecraft:iron_chestplate":3,"minecraft:crafting_table":7,"minecraft:azure_bluet":4,"illagerinvasion:platinum_chunk":2,"artifacts:night_vision_goggles":1,"irons_spellbooks:necronomicon_spell_book":1,"minecraft:brown_mushroom":1,"regions_unexplored:silt_dirt":1,"minecraft:gold_block":1,"minecraft:chain":1,"minecraft:amethyst_block":10,"artifacts:power_glove":1,"minecraft:string":11,"minecraft:raw_copper":16,"minecraft:iron_axe":1,"minecraft:iron_leggings":1,"minecraft:armor_stand":1,"born_in_chaos_v1:intoxicating_decoction":2,"minecraft:blue_orchid":3,"graveyard:corruption":3,"minecraft:cracked_stone_bricks":1,"irons_spellbooks:arcane_essence":43,"minecraft:deepslate_tiles":1,"minecraft:cobbled_deepslate":84,"minecraft:beef":18,"minecraft:calcite":11,"irons_spellbooks:blank_rune":2,"minecraft:furnace":4,"minecraft:iron_boots":1,"minecraft:tipped_arrow":1,"minecraft:stick":11,"minecraft:raw_iron":88,"minecraft:torch":44,"regions_unexplored:volcanic_ash":1,"minecraft:porkchop":9,"minecraft:cherry_log":13,"minecraft:cookie":5,"tombstone:grave_dust":7,"born_in_chaos_v1:nightmare_claw":1,"minecraft:carrot":1,"minecraft:redstone":35,"irons_spellbooks:evocation_rune":1,"minecraft:arrow":10,"minecraft:rotten_flesh":50,"artifacts:villager_hat":1,"minecraft:deepslate_bricks":2,"artifacts:panic_necklace":1,"minecraft:glow_berries":1,"minecraft:mutton":16,"minecraft:oxeye_daisy":2,"minecraft:cobblestone":166,"irons_spellbooks:ancient_knowledge_fragment":1,"minecraft:white_wool":8,"minecraft:birch_log":1,"minecraft:cracked_deepslate_tiles":1,"born_in_chaos_v1:corpse_maggot":16,"minecraft:leather":6,"minecraft:smoker":3,"paraglider:spirit_orb":18,"minecraft:tuff":5,"artifacts:superstitious_hat":1,"minecraft:oak_log":52,"minecraft:chainmail_chestplate":1,"artifacts:flame_pendant":1,"minecraft:lapis_lazuli":62,"minecraft:dirt":6,"artifacts:flippers":1,"irons_spellbooks:rare_ink":1,"born_in_chaos_v1:monster_skin":5,"graveyard:small_white_urn":1,"minecraft:bone":35,"minecraft:apple":6,"minecraft:stone_bricks":6,"minecraft:bow":2,"minecraft:wheat_seeds":4,"minecraft:raw_gold":23,"minecraft:iron_ingot":1,"artifacts:kitty_slippers":1,"minecraft:bamboo":7,"minecraft:oak_planks":10,"minecraft:moss_block":1,"minecraft:flowering_azalea":1,"minecraft:iron_sword":3,"minecraft:scaffolding":8,"minecraft:smooth_basalt":9,"irons_spellbooks:legendary_ink":1,"born_in_chaos_v1:ethereal_spirit":3,"minecraft:raw_iron_block":3,"minecraft:blast_furnace":1,"minecraft:white_bed":2,"minecraft:spruce_log":2,"minecraft:bundle":1,"biomesoplenty:flowering_oak_sapling":4,"minecraft:diamond":17,"minecraft:stone_axe":1,"minecraft:iron_helmet":1,"minecraft:gray_wool":1,"minecraft:chainmail_helmet":2,"tombstone:magic_scroll":3,"minecraft:oak_sapling":12,"minecraft:black_wool":1,"irons_spellbooks:uncommon_ink":1,"minecraft:coal":184},"minecraft:crafted":{"minecraft:cherry_planks":44,"minecraft:oak_door":3,"minecraft:oak_planks":208,"minecraft:furnace":4,"minecraft:cooked_mutton":16,"minecraft:stone_pickaxe":1,"sophisticatedbackpacks:iron_backpack":1,"minecraft:cooked_beef":18,"minecraft:cooked_porkchop":9,"minecraft:crafting_table":4,"minecraft:wooden_pickaxe":1,"minecraft:iron_helmet":1,"minecraft:iron_sword":2,"sophisticatedbackpacks:gold_backpack":1,"minecraft:stone_axe":1,"minecraft:air":0,"minecraft:iron_chestplate":1,"minecraft:shield":1,"minecraft:raw_gold":63,"sophisticatedbackpacks:diamond_backpack":1,"minecraft:stick":24,"minecraft:iron_ingot":37,"minecraft:iron_pickaxe":1,"minecraft:wooden_axe":1,"minecraft:stone_sword":1,"minecraft:iron_leggings":1,"minecraft:gold_ingot":9,"irons_spellbooks:mana_ring":1,"minecraft:white_bed":1,"minecraft:torch":76,"irons_spellbooks:arcane_ingot":4},"minecraft:killed_by":{"born_in_chaos_v1:nightmare_stalker":3,"irons_spellbooks:necromancer":1,"irons_spellbooks:dead_king":6,"minecraft:skeleton":1,"artifacts:mimic":1,"minecraft:zombie":1,"irons_spellbooks:archevoker":2},"minecraft:killed":{"born_in_chaos_v1:zombie_clown":1,"minecraft:cave_spider":1,"irons_spellbooks:summoned_zombie":9,"born_in_chaos_v1:zombie_lumberjack":1,"born_in_chaos_v1:restless_spirit":3,"graveyard:corrupted_vindicator":3,"born_in_chaos_v1:door_knight_not_despawn":1,"minecraft:spider":5,"born_in_chaos_v1:maggot":24,"minecraft:skeleton":8,"irons_spellbooks:archevoker":1,"irons_spellbooks:summoned_skeleton":3,"artifacts:mimic":8,"minecraft:pig":6,"irons_spellbooks:dead_king":1,"minecraft:zombie_villager":1,"born_in_chaos_v1:swarmer":2,"minecraft:creeper":2,"born_in_chaos_v1:decrepit_skeleton":6,"minecraft:sheep":10,"irons_spellbooks:summoned_vex":1,"minecraft:zombie":34,"born_in_chaos_v1:dread_hound":1,"born_in_chaos_v1:corpse_fly":9,"born_in_chaos_v1:nightmare_stalker":1,"graveyard:corrupted_pillager":1,"minecraft:cow":8}},"DataVersion":3465}