{"stats":{"minecraft:used":{"minecraft:shield":58,"minecraft:iron_sword":731,"minecraft:rotten_flesh":6,"minecraft:carrot":13,"minecraft:obsidian":2,"minecraft:oak_sapling":2,"minecraft:furnace":4,"minecraft:stone_pickaxe":130,"minecraft:oak_planks":31,"minecraft:wooden_pickaxe":12,"minecraft:diamond_axe":3,"minecraft:cookie":5,"minecraft:golden_apple":7,"minecraft:glow_berries":1,"minecraft:crossbow":4,"minecraft:bread":18,"tombstone:grave_key":10,"minecraft:diamond_sword":156,"minecraft:stone_sword":104,"minecraft:torch":109,"minecraft:dirt":4,"minecraft:wooden_axe":56,"minecraft:iron_axe":5,"minecraft:cooked_beef":18,"minecraft:cobbled_deepslate":36,"minecraft:cooked_mutton":16,"minecraft:crafting_table":14,"minecraft:white_bed":3,"minecraft:smoker":2,"minecraft:diamond_pickaxe":112,"minecraft:apple":6,"minecraft:iron_pickaxe":502,"minecraft:stone_axe":36,"minecraft:cobblestone":76,"minecraft:cooked_porkchop":68},"minecraft:broken":{"minecraft:stone_pickaxe":1,"minecraft:iron_sword":2,"minecraft:shield":1,"minecraft:iron_pickaxe":1,"minecraft:iron_helmet":1},"minecraft:mined":{"minecraft:white_bed":2,"minecraft:cherry_log":11,"minecraft:budding_amethyst":1,"minecraft:grass_block":5,"minecraft:stone_brick_wall":2,"minecraft:cracked_polished_blackstone_bricks":8,"biomesoplenty:flowering_oak_leaves":1,"minecraft:deepslate_bricks":2,"regions_unexplored:yellow_bioshroom":1,"minecraft:spawner":25,"graveyard:wither_skull_with_rib_cage":1,"minecraft:polished_blackstone_bricks":10,"minecraft:raw_iron_block":3,"minecraft:fire":4,"minecraft:iron_ore":27,"minecraft:cobbled_deepslate":1,"graveyard:leaning_wither_skeleton":1,"minecraft:moss_carpet":1,"minecraft:deepslate_lapis_ore":10,"minecraft:nether_brick_stairs":1,"minecraft:sculk_shrieker":3,"iceandfire:gold_pile":1,"minecraft:iron_bars":6,"biomesoplenty:webbing":2,"regions_unexplored:silt_grass_block":1,"minecraft:deepslate_redstone_ore":3,"minecraft:blackstone":3,"minecraft:smoker":3,"minecraft:torch":1,"minecraft:blast_furnace":1,"minecraft:calcite":11,"minecraft:nether_quartz_ore":5,"minecraft:cobblestone":4,"graveyard:skeleton_hand":1,"minecraft:oak_planks":11,"minecraft:bricks":1,"minecraft:wall_torch":1,"minecraft:amethyst_block":10,"minecraft:chain":1,"regions_unexplored:sandy_tall_grass":1,"minecraft:stone_brick_stairs":1,"minecraft:grass":7,"minecraft:cracked_deepslate_tiles":1,"graveyard:creeper_skeleton":1,"minecraft:oak_log":54,"minecraft:dirt":1,"minecraft:smooth_basalt":9,"minecraft:netherrack":8,"minecraft:deepslate":88,"minecraft:deepslate_tiles":1,"minecraft:diamond_ore":2,"minecraft:tuff":3,"minecraft:deepslate_diamond_ore":70,"minecraft:brick_stairs":2,"minecraft:redstone_wire":1,"minecraft:moss_block":2,"minecraft:redstone_ore":5,"minecraft:furnace":4,"minecraft:carrots":1,"minecraft:raw_gold_block":3,"minecraft:gold_block":40,"minecraft:deepslate_iron_ore":67,"regions_unexplored:apple_oak_leaves":1,"biomesoplenty:barley":5,"regions_unexplored:medium_grass":1,"minecraft:bamboo":1,"biomesoplenty:spider_egg":1,"minecraft:stone":167,"minecraft:flowering_azalea":1,"minecraft:polished_granite":1,"minecraft:crafting_table":11,"regions_unexplored:volcanic_ash":1,"minecraft:tall_grass":6,"minecraft:copper_ore":6,"minecraft:deepslate_coal_ore":1,"minecraft:deepslate_gold_ore":15,"minecraft:polished_blackstone_brick_stairs":2,"minecraft:sculk":2,"minecraft:spruce_stairs":1,"graveyard:small_white_urn":1,"graveyard:skull_with_rib_cage":2,"regions_unexplored:sandy_grass":3,"minecraft:coal_ore":87,"minecraft:cobweb":5,"minecraft:cracked_stone_bricks":2,"minecraft:polished_blackstone":3,"minecraft:stone_bricks":6,"minecraft:gold_ore":8},"minecraft:dropped":{"minecraft:iron_sword":6,"minecraft:moss_block":1,"minecraft:cooked_beef":4,"graveyard:small_white_urn":1,"minecraft:cookie":5,"minecraft:glow_berries":13,"minecraft:cracked_stone_bricks":1,"artifacts:flippers":1,"born_in_chaos_v1:nightmare_claw":1,"paraglider:spirit_orb":2,"minecraft:music_disc_13":1,"minecraft:cracked_polished_blackstone_bricks":3,"minecraft:dirt":2,"born_in_chaos_v1:monster_skin":5,"biomesoplenty:flowering_oak_sapling":4,"minecraft:chain":16,"minecraft:writable_book":1,"minecraft:gold_nugget":3,"minecraft:polished_blackstone_bricks":3,"minecraft:iron_pickaxe":4,"regions_unexplored:yellow_bioshroom":1,"minecraft:white_wool":5,"minecraft:armor_stand":1,"minecraft:oak_door":3,"minecraft:gravel":14,"minecraft:stone_axe":1,"minecraft:cobbled_deepslate":10,"minecraft:golden_chestplate":1,"minecraft:music_disc_otherside":1,"tombstone:gift":3,"born_in_chaos_v1:ethereal_spirit":2,"artifacts:villager_hat":1,"minecraft:rotten_flesh":34,"born_in_chaos_v1:smoked_flesh":4,"minecraft:oak_planks":8,"minecraft:chainmail_chestplate":1,"alexsmobs:blood_sac":1,"minecraft:tipped_arrow":3,"born_in_chaos_v1:seedof_chaos":1,"minecraft:brick_stairs":1,"born_in_chaos_v1:corpse_maggot":16,"minecraft:scaffolding":16,"minecraft:netherrack":2,"born_in_chaos_v1:intoxicating_decoction":2,"minecraft:wheat_seeds":4,"minecraft:golden_helmet":1,"minecraft:cherry_log":2,"minecraft:iron_helmet":1,"minecraft:book":3,"minecraft:apple":2,"minecraft:amethyst_block":10,"minecraft:chainmail_helmet":1,"minecraft:stick":2,"minecraft:gray_wool":1,"tombstone:grave_dust":8,"minecraft:potion":1,"minecraft:iron_leggings":3,"minecraft:flowering_azalea":1,"minecraft:iron_axe":1,"regions_unexplored:volcanic_ash":1,"minecraft:iron_shovel":1,"minecraft:paper":10,"minecraft:string":12,"minecraft:oxidized_copper":2,"minecraft:smooth_basalt":9,"minecraft:redstone":35,"alexscaves:seeking_arrow":1,"minecraft:tuff":4,"iceandfire:witherbone":1,"minecraft:iron_boots":2,"artifacts:flame_pendant":1,"minecraft:name_tag":4,"minecraft:potato":3,"minecraft:bundle":1,"minecraft:iron_chestplate":3,"minecraft:golden_leggings":2,"minecraft:oak_sapling":10,"minecraft:golden_sword":1,"minecraft:stone_bricks":6,"minecraft:bamboo":7,"minecraft:slime_ball":2,"minecraft:spruce_log":2,"minecraft:bow":5,"minecraft:blue_orchid":3,"minecraft:stone_pickaxe":1,"minecraft:calcite":11,"minecraft:black_wool":1},"minecraft:custom":{"minecraft:interact_with_crafting_table":30,"minecraft:open_barrel":55,"minecraft:bell_ring":2,"minecraft:leave_game":12,"minecraft:time_since_death":0,"minecraft:sprint_one_cm":709892,"minecraft:damage_blocked_by_shield":2122,"minecraft:drop":117,"minecraft:talked_to_villager":3,"minecraft:play_time":294679,"minecraft:deaths":27,"minecraft:jump":4013,"minecraft:interact_with_brewingstand":1,"minecraft:walk_on_water_one_cm":17993,"minecraft:interact_with_furnace":34,"minecraft:interact_with_cartography_table":1,"minecraft:interact_with_loom":2,"minecraft:sleep_in_bed":3,"minecraft:waystone_activated":1,"minecraft:damage_dealt":56174,"minecraft:player_kills":1,"minecraft:crouch_one_cm":17685,"tombstone:undead_killed":105,"minecraft:interact_with_smoker":11,"minecraft:interact_with_anvil":1,"minecraft:mob_kills":243,"minecraft:damage_dealt_resisted":2897,"minecraft:climb_one_cm":3105,"minecraft:walk_one_cm":567440,"minecraft:damage_dealt_absorbed":80,"minecraft:sneak_time":8106,"minecraft:walk_under_water_one_cm":69072,"minecraft:interact_with_lectern":2,"minecraft:interact_with_blast_furnace":1,"minecraft:total_world_time":294679,"tombstone:raider_killed":4,"minecraft:time_since_rest":916,"minecraft:damage_taken":18170,"minecraft:damage_absorbed":269,"minecraft:trigger_trapped_chest":3,"minecraft:swim_one_cm":490597,"minecraft:fly_one_cm":1002347,"minecraft:open_chest":75,"minecraft:fall_one_cm":142741},"minecraft:picked_up":{"irons_spellbooks:scroll":4,"minecraft:iron_chestplate":3,"illagerinvasion:platinum_chunk":2,"minecraft:diamond_sword":1,"regions_unexplored:silt_dirt":1,"minecraft:golden_sword":1,"minecraft:amethyst_block":10,"minecraft:polished_blackstone_brick_stairs":2,"minecraft:string":12,"minecraft:raw_copper":16,"minecraft:iron_leggings":1,"minecraft:armor_stand":1,"minecraft:deepslate_tiles":1,"irons_spellbooks:arcane_essence":43,"alexsmobs:blood_sac":1,"minecraft:gold_nugget":46,"minecraft:cobbled_deepslate":91,"minecraft:calcite":11,"irons_spellbooks:blank_rune":2,"minecraft:iron_boots":1,"minecraft:furnace":4,"minecraft:golden_helmet":1,"minecraft:tipped_arrow":2,"minecraft:stick":11,"minecraft:torch":44,"minecraft:acacia_log":1,"minecraft:spruce_stairs":1,"minecraft:porkchop":9,"minecraft:golden_axe":1,"minecraft:cherry_log":13,"tombstone:grave_dust":12,"born_in_chaos_v1:nightmare_claw":1,"minecraft:golden_chestplate":1,"minecraft:rotten_flesh":58,"artifacts:villager_hat":1,"iceandfire:fire_dragon_heart":1,"artifacts:panic_necklace":1,"minecraft:iron_bars":5,"minecraft:cobblestone":172,"minecraft:birch_log":1,"minecraft:golden_leggings":2,"minecraft:smoker":3,"paraglider:spirit_orb":50,"minecraft:tuff":6,"artifacts:flame_pendant":2,"minecraft:lapis_lazuli":71,"minecraft:dirt":6,"artifacts:flippers":2,"minecraft:polished_granite":1,"artifacts:shock_pendant":1,"born_in_chaos_v1:monster_skin":5,"minecraft:bone":48,"minecraft:bow":4,"minecraft:wheat_seeds":4,"minecraft:raw_gold":23,"minecraft:bamboo":7,"minecraft:moss_block":2,"minecraft:oak_planks":10,"irons_spellbooks:frozen_bone":11,"irons_spellbooks:legendary_ink":1,"graveyard:bone_dagger":1,"iceandfire:dragon_skull_fire":1,"minecraft:nether_brick_stairs":1,"minecraft:bundle":1,"minecraft:diamond":71,"minecraft:cracked_polished_blackstone_bricks":4,"minecraft:emerald":4,"minecraft:chainmail_helmet":3,"minecraft:oak_sapling":12,"irons_spellbooks:uncommon_ink":1,"minecraft:netherrack":7,"minecraft:bricks":1,"minecraft:crafting_table":11,"minecraft:azure_bluet":4,"artifacts:night_vision_goggles":1,"iceandfire:witherbone":1,"irons_spellbooks:necronomicon_spell_book":1,"born_in_chaos_v1:seedof_chaos":1,"minecraft:brown_mushroom":1,"minecraft:gold_block":40,"minecraft:chain":1,"minecraft:moss_carpet":1,"minecraft:iron_axe":1,"artifacts:power_glove":1,"born_in_chaos_v1:intoxicating_decoction":2,"minecraft:blackstone":3,"minecraft:blue_orchid":3,"graveyard:corruption":4,"minecraft:cracked_stone_bricks":1,"minecraft:beef":18,"minecraft:raw_iron":92,"iceandfire:dragonbone":9,"iceandfire:dragonscales_green":21,"minecraft:raw_gold_block":3,"regions_unexplored:volcanic_ash":1,"minecraft:polished_blackstone_bricks":5,"minecraft:cookie":10,"minecraft:carrot":3,"minecraft:redstone":35,"irons_spellbooks:evocation_rune":1,"minecraft:arrow":36,"minecraft:deepslate_bricks":2,"minecraft:polished_blackstone":2,"minecraft:brick_stairs":1,"minecraft:glow_berries":1,"minecraft:mutton":16,"irons_spellbooks:ancient_knowledge_fragment":1,"minecraft:white_wool":8,"minecraft:oxeye_daisy":2,"minecraft:cracked_deepslate_tiles":1,"born_in_chaos_v1:corpse_maggot":17,"minecraft:leather":6,"minecraft:oak_log":52,"minecraft:chainmail_chestplate":1,"artifacts:superstitious_hat":1,"minecraft:gunpowder":2,"irons_spellbooks:rare_ink":1,"graveyard:small_white_urn":1,"minecraft:apple":6,"minecraft:stone_bricks":6,"minecraft:iron_ingot":3,"artifacts:kitty_slippers":1,"iceandfire:fire_dragon_flesh":1,"minecraft:iron_sword":4,"minecraft:flowering_azalea":1,"regions_unexplored:yellow_bioshroom":1,"minecraft:scaffolding":8,"artifacts:obsidian_skull":1,"minecraft:smooth_basalt":9,"born_in_chaos_v1:ethereal_spirit":4,"minecraft:quartz":5,"minecraft:raw_iron_block":3,"minecraft:blast_furnace":1,"minecraft:white_bed":2,"minecraft:spruce_log":2,"biomesoplenty:flowering_oak_sapling":4,"artifacts:helium_flamingo":1,"minecraft:slime_ball":2,"minecraft:stone_axe":1,"minecraft:iron_helmet":1,"minecraft:gray_wool":1,"tombstone:magic_scroll":3,"minecraft:black_wool":1,"minecraft:coal":194},"minecraft:crafted":{"minecraft:oak_planks":208,"minecraft:cooked_mutton":16,"minecraft:iron_boots":1,"minecraft:cooked_porkchop":9,"minecraft:diamond_axe":1,"minecraft:crafting_table":4,"minecraft:wooden_pickaxe":1,"minecraft:iron_helmet":2,"minecraft:iron_chestplate":3,"minecraft:shield":2,"sophisticatedbackpacks:diamond_backpack":1,"minecraft:stick":32,"minecraft:iron_pickaxe":1,"minecraft:iron_ingot":37,"minecraft:stone_sword":1,"minecraft:gold_ingot":9,"irons_spellbooks:mana_ring":1,"irons_spellbooks:arcane_ingot":4,"minecraft:cherry_planks":44,"minecraft:oak_door":3,"minecraft:raw_iron":9,"minecraft:furnace":4,"minecraft:stone_pickaxe":1,"minecraft:diamond_boots":1,"sophisticatedbackpacks:iron_backpack":1,"minecraft:cooked_beef":18,"paraglider:paraglider":1,"minecraft:diamond_sword":1,"minecraft:iron_sword":2,"sophisticatedbackpacks:gold_backpack":1,"minecraft:stone_axe":1,"minecraft:air":0,"minecraft:raw_gold":63,"minecraft:wooden_axe":1,"minecraft:iron_leggings":2,"minecraft:white_bed":1,"minecraft:torch":76,"minecraft:diamond_chestplate":1},"minecraft:killed_by":{"born_in_chaos_v1:nightmare_stalker":3,"minecraft:piglin_brute":2,"artifacts:mimic":1,"minecraft:zombie":3,"iceandfire:fire_dragon":1,"born_in_chaos_v1:lifestealer_true_form":1,"born_in_chaos_v1:zombie_lumberjack":1,"irons_spellbooks:necromancer":1,"irons_spellbooks:dead_king":6,"minecraft:skeleton":1,"irons_spellbooks:archevoker":2,"iceandfire:ghost":1},"minecraft:killed":{"born_in_chaos_v1:zombie_clown":1,"minecraft:cave_spider":1,"born_in_chaos_v1:zombie_lumberjack":2,"born_in_chaos_v1:restless_spirit":3,"born_in_chaos_v1:door_knight_not_despawn":1,"minecraft:spider":6,"minecraft:skeleton":24,"graveyard:acolyte":2,"irons_spellbooks:archevoker":1,"irons_spellbooks:summoned_skeleton":3,"minecraft:piglin_brute":8,"artifacts:mimic":13,"minecraft:piglin":19,"minecraft:pig":6,"irons_spellbooks:dead_king":1,"minecraft:zombie_villager":2,"minecraft:creeper":4,"alexsmobs:crimson_mosquito":1,"minecraft:sheep":10,"minecraft:pillager":3,"irons_spellbooks:summoned_vex":1,"minecraft:zombie":43,"born_in_chaos_v1:dread_hound":1,"born_in_chaos_v1:corpse_fly":9,"minecraft:stray":7,"born_in_chaos_v1:door_knight":1,"graveyard:corrupted_pillager":1,"minecraft:cow":8,"irons_spellbooks:summoned_zombie":9,"graveyard:corrupted_vindicator":3,"minecraft:vindicator":1,"minecraft:slime":1,"born_in_chaos_v1:maggot":31,"iceandfire:fire_dragon":1,"born_in_chaos_v1:spiritof_chaos":1,"graveyard:ghoul":1,"born_in_chaos_v1:baby_skeleton":2,"born_in_chaos_v1:swarmer":2,"born_in_chaos_v1:decrepit_skeleton":6,"born_in_chaos_v1:nightmare_stalker":1,"minecraft:wither_skeleton":1}},"DataVersion":3465}