{"stats":{"minecraft:crafted":{"minecraft:oak_planks":20,"minecraft:crafting_table":1,"minecraft:stick":4,"minecraft:wooden_pickaxe":1,"minecraft:wooden_axe":1},"minecraft:picked_up":{"minecraft:crafting_table":1,"minecraft:oak_log":5,"minecraft:dirt":1},"minecraft:mined":{"minecraft:grass":1,"minecraft:grass_block":1,"minecraft:oak_log":5,"minecraft:oak_leaves":8,"minecraft:crafting_table":1},"minecraft:used":{"minecraft:wooden_axe":1,"minecraft:dirt":1,"minecraft:crafting_table":1},"minecraft:custom":{"minecraft:time_since_rest":20291,"minecraft:play_time":20291,"minecraft:sprint_one_cm":8498,"minecraft:damage_taken":10,"minecraft:walk_one_cm":17153,"minecraft:sneak_time":122,"minecraft:jump":56,"minecraft:damage_dealt":70,"minecraft:leave_game":1,"minecraft:time_since_death":20291,"minecraft:walk_on_water_one_cm":172,"minecraft:total_world_time":20291,"minecraft:interact_with_crafting_table":1,"minecraft:fall_one_cm":418,"minecraft:fly_one_cm":115982}},"DataVersion":3465}