{"stats":{"minecraft:killed_by":{"born_in_chaos_v1:corpse_fly":3,"born_in_chaos_v1:bonescaller":1,"minecraft:zombie":3,"born_in_chaos_v1:scarlet_persecutor":9,"minecraft:vex":1},"minecraft:mined":{"minecraft:deepslate_tiles":2,"iceandfire:silver_ore":6,"minecraft:brewing_stand":1,"born_in_chaos_v1:infected_diamond_ore":2,"minecraft:grass_block":3,"regions_unexplored:raw_redstone_block":2,"minecraft:spawner":1,"minecraft:hay_block":21,"minecraft:furnace":4,"minecraft:iron_ore":17,"minecraft:fire":5,"minecraft:deepslate_lapis_ore":2,"minecraft:enchanting_table":1,"minecraft:gold_block":6,"minecraft:bookshelf":3,"minecraft:deepslate_iron_ore":9,"minecraft:oak_stairs":1,"minecraft:iron_bars":2,"regions_unexplored:ash_vent":1,"biomesoplenty:barley":3,"regions_unexplored:medium_grass":1,"minecraft:stone":69,"minecraft:white_wool":1,"regions_unexplored:felicia_daisy":1,"minecraft:smithing_table":1,"minecraft:deepslate_redstone_ore":3,"minecraft:stone_brick_slab":1,"minecraft:crafting_table":13,"minecraft:copper_ore":15,"minecraft:tall_grass":3,"minecraft:cobblestone":7,"minecraft:deepslate_gold_ore":11,"biomesoplenty:sprout":1,"minecraft:lapis_ore":3,"minecraft:oak_planks":1,"minecraft:deepslate_copper_ore":2,"minecraft:yellow_bed":3,"minecraft:grass":3,"minecraft:coal_ore":44,"minecraft:oak_log":87,"minecraft:dirt":16,"minecraft:cobweb":12,"structure_gel:dynamic_spawner":6,"minecraft:raw_copper_block":1,"minecraft:gold_ore":1,"minecraft:oak_leaves":2,"minecraft:deepslate":1,"minecraft:fern":1},"minecraft:broken":{"minecraft:chainmail_leggings":1,"minecraft:stone_sword":3},"minecraft:dropped":{"minecraft:brown_mushroom":2,"minecraft:wheat_seeds":3,"minecraft:mossy_cobblestone":2,"minecraft:feather":1,"regions_unexplored:daisy":6,"biomesoplenty:flowering_oak_sapling":1,"minecraft:potion":2,"minecraft:dead_bush":1,"regions_unexplored:felicia_daisy":1,"regions_unexplored:raw_redstone_block":2,"minecraft:raw_copper":1,"minecraft:rotten_flesh":24,"minecraft:deepslate_tiles":2,"minecraft:iron_chestplate":3,"minecraft:mossy_stone_bricks":1,"minecraft:oak_sapling":3,"minecraft:golden_sword":2,"minecraft:stone_bricks":4,"minecraft:iron_bars":2,"minecraft:bow":1,"minecraft:stone_pickaxe":1,"minecraft:wooden_pickaxe":1},"minecraft:used":{"minecraft:stone_sword":367,"minecraft:shield":31,"minecraft:iron_sword":61,"minecraft:cooked_chicken":2,"minecraft:torch":49,"minecraft:dirt":29,"minecraft:carrot":2,"born_in_chaos_v1:corpse_maggot":8,"minecraft:stone_brick_slab":1,"minecraft:furnace":4,"minecraft:oak_sapling":24,"tombstone:gift":5,"minecraft:cooked_mutton":5,"minecraft:water_bucket":9,"minecraft:stone_pickaxe":83,"minecraft:oak_planks":5,"minecraft:wooden_pickaxe":16,"biomesoplenty:flowering_oak_sapling":4,"minecraft:cookie":11,"minecraft:crafting_table":13,"minecraft:apple":2,"minecraft:bread":47,"minecraft:iron_pickaxe":126,"minecraft:stone_axe":126,"minecraft:cobblestone":55,"minecraft:chainmail_boots":1,"minecraft:bucket":10,"minecraft:yellow_bed":3,"minecraft:pumpkin_pie":7,"alexsmobs:animal_dictionary":1},"minecraft:killed":{"minecraft:vex":1,"born_in_chaos_v1:skeleton_demoman":1,"minecraft:spider":17,"born_in_chaos_v1:zombie_bruiser":1,"born_in_chaos_v1:baby_skeleton_minion":2,"born_in_chaos_v1:maggot":14,"born_in_chaos_v1:scarlet_persecutor":1,"minecraft:skeleton":12,"minecraft:chicken":2,"born_in_chaos_v1:diamond_termite":3,"born_in_chaos_v1:swarmer":1,"born_in_chaos_v1:decrepit_skeleton":2,"minecraft:sheep":4,"born_in_chaos_v1:bloody_gadfly":1,"minecraft:zombie":25,"born_in_chaos_v1:dread_hound":1,"born_in_chaos_v1:corpse_fly":3},"minecraft:crafted":{"minecraft:oak_planks":32,"minecraft:cooked_chicken":2,"minecraft:furnace":1,"minecraft:cooked_mutton":5,"minecraft:iron_boots":1,"sophisticatedbackpacks:copper_backpack":1,"minecraft:raw_copper":9,"minecraft:stone_pickaxe":1,"sophisticatedbackpacks:iron_backpack":1,"minecraft:wheat":189,"iceandfire:silver_ingot":6,"minecraft:crafting_table":1,"minecraft:wooden_pickaxe":1,"minecraft:iron_helmet":2,"minecraft:iron_sword":1,"minecraft:copper_ingot":13,"minecraft:bucket":1,"minecraft:stone_axe":2,"minecraft:bread":63,"minecraft:air":0,"minecraft:shield":1,"minecraft:stick":8,"minecraft:iron_ingot":28,"minecraft:iron_pickaxe":1,"minecraft:stone_sword":3,"minecraft:iron_leggings":1,"minecraft:gold_ingot":13,"minecraft:torch":82},"minecraft:picked_up":{"born_in_chaos_v1:diamond_termite_shard":3,"minecraft:iron_chestplate":2,"minecraft:crafting_table":13,"minecraft:wheat":4,"minecraft:chainmail_boots":1,"minecraft:chicken":2,"minecraft:smithing_table":1,"minecraft:brown_mushroom":2,"minecraft:oak_stairs":1,"minecraft:gold_block":6,"minecraft:potion":2,"minecraft:brewing_stand":1,"minecraft:golden_sword":1,"minecraft:string":15,"minecraft:raw_copper":52,"minecraft:deepslate_tiles":2,"minecraft:cobbled_deepslate":1,"minecraft:raw_copper_block":1,"minecraft:furnace":4,"minecraft:stick":36,"minecraft:raw_iron":25,"tombstone:grave_dust":7,"regions_unexplored:raw_redstone_block":2,"minecraft:carrot":1,"minecraft:redstone":16,"regions_unexplored:daisy":6,"minecraft:stone_sword":4,"minecraft:arrow":7,"minecraft:rotten_flesh":38,"regions_unexplored:felicia_daisy":1,"minecraft:hay_block":21,"minecraft:mutton":5,"minecraft:iron_bars":2,"minecraft:cobblestone":87,"minecraft:white_wool":4,"minecraft:enchanting_table":1,"born_in_chaos_v1:corpse_maggot":17,"minecraft:feather":3,"born_in_chaos_v1:monster_flesh":1,"paraglider:spirit_orb":2,"minecraft:oak_log":87,"minecraft:yellow_bed":3,"minecraft:lapis_lazuli":33,"minecraft:dirt":34,"minecraft:bone":14,"minecraft:apple":2,"minecraft:stone_bricks":4,"minecraft:bow":2,"minecraft:wheat_seeds":3,"minecraft:raw_gold":12,"minecraft:iron_ingot":1,"minecraft:mossy_stone_bricks":1,"minecraft:iron_sword":4,"minecraft:oak_planks":1,"minecraft:book":9,"minecraft:stone_brick_slab":1,"minecraft:gravel":4,"minecraft:spider_eye":1,"minecraft:mossy_cobblestone":2,"biomesoplenty:flowering_oak_sapling":5,"waystones:waystone":1,"minecraft:iron_helmet":1,"minecraft:bread":1,"tombstone:magic_scroll":1,"minecraft:oak_sapling":27,"minecraft:coal":73,"iceandfire:raw_silver":6},"minecraft:custom":{"minecraft:interact_with_smithing_table":1,"minecraft:interact_with_anvil":1,"minecraft:mob_kills":96,"minecraft:interact_with_crafting_table":38,"minecraft:open_barrel":18,"minecraft:damage_dealt_resisted":95,"minecraft:leave_game":1,"minecraft:time_since_death":1819,"minecraft:climb_one_cm":3411,"minecraft:sprint_one_cm":107092,"minecraft:walk_one_cm":389430,"minecraft:damage_blocked_by_shield":540,"minecraft:drop":36,"minecraft:play_time":105564,"minecraft:deaths":20,"minecraft:sneak_time":3618,"minecraft:walk_under_water_one_cm":30394,"minecraft:jump":2040,"minecraft:interact_with_blast_furnace":1,"minecraft:walk_on_water_one_cm":19017,"minecraft:total_world_time":105564,"minecraft:interact_with_furnace":55,"minecraft:interact_with_cartography_table":1,"minecraft:sleep_in_bed":2,"minecraft:time_since_rest":1617,"minecraft:damage_taken":8831,"minecraft:damage_dealt":18531,"minecraft:swim_one_cm":69551,"minecraft:fly_one_cm":205245,"minecraft:open_chest":17,"minecraft:crouch_one_cm":10456,"tombstone:undead_killed":44,"minecraft:use_cauldron":1,"minecraft:fall_one_cm":63736}},"DataVersion":3465}