{"stats":{"minecraft:killed_by":{"minecraft:player":1,"born_in_chaos_v1:nightmare_stalker":4,"minecraft:creeper":1,"minecraft:spider":4,"born_in_chaos_v1:zombie_lumberjack":1,"minecraft:vindicator":1,"minecraft:skeleton":3,"minecraft:zombie":8,"born_in_chaos_v1:scarlet_persecutor":1},"minecraft:mined":{"minecraft:spruce_planks":2,"iceandfire:silver_ore":2,"minecraft:mossy_cobblestone":1,"minecraft:deepslate_diamond_ore":1,"minecraft:spruce_fence":1,"minecraft:dark_oak_fence":1,"minecraft:grass_block":3,"minecraft:yellow_carpet":1,"minecraft:jungle_planks":2,"regions_unexplored:raw_redstone_block":1,"minecraft:spawner":1,"minecraft:hay_block":15,"minecraft:furnace":2,"minecraft:iron_ore":9,"minecraft:fire":1,"minecraft:gold_block":1,"minecraft:deepslate_iron_ore":1,"minecraft:iron_bars":4,"regions_unexplored:apple_oak_leaves":1,"biomesoplenty:barley":19,"regions_unexplored:medium_grass":1,"minecraft:bamboo":4,"irons_spellbooks:inscription_table":1,"minecraft:stone":105,"minecraft:piston_head":2,"minecraft:crafting_table":4,"minecraft:cornflower":1,"minecraft:blast_furnace":1,"minecraft:calcite":2,"minecraft:rose_bush":1,"iceandfire:fire_lily":1,"minecraft:copper_ore":4,"minecraft:cobblestone":10,"biomesoplenty:sprout":2,"minecraft:oak_planks":2,"minecraft:wall_torch":4,"minecraft:cauldron":1,"biomesoplenty:goldenrod":2,"minecraft:dark_oak_slab":1,"minecraft:stone_brick_stairs":1,"biomesoplenty:clover":1,"minecraft:grass":81,"minecraft:oak_log":140,"minecraft:coal_ore":32,"minecraft:cobweb":9,"structure_gel:dynamic_spawner":1,"minecraft:smooth_basalt":3,"minecraft:cracked_stone_bricks":2,"minecraft:stone_bricks":1,"minecraft:chipped_anvil":1,"minecraft:deepslate":15,"minecraft:emerald_block":1},"minecraft:broken":{"minecraft:stone_sword":1,"minecraft:stone_pickaxe":1},"minecraft:dropped":{"minecraft:bread":2,"minecraft:mossy_cobblestone":1,"minecraft:crossbow":1,"minecraft:cobblestone":1,"minecraft:book":4,"minecraft:copper_ingot":5,"irons_spellbooks:ancient_knowledge_fragment":1,"minecraft:stick":6,"irons_spellbooks:scroll":1,"minecraft:dirt":3,"illagerinvasion:platinum_chunk":2,"biomesoplenty:goldenrod":3,"tombstone:magic_scroll":1,"minecraft:dark_oak_fence":1,"minecraft:cornflower":2,"minecraft:wooden_axe":1,"tombstone:grave_dust":1,"minecraft:smooth_basalt":3,"minecraft:oak_door":2,"minecraft:iron_nugget":3,"minecraft:raw_copper":8,"minecraft:wheat":4,"minecraft:chicken":1,"minecraft:white_carpet":3,"minecraft:rotten_flesh":5,"minecraft:light_gray_wool":3,"sophisticatedbackpacks:backpack":1,"minecraft:chainmail_chestplate":1,"minecraft:tipped_arrow":1,"minecraft:oak_button":1,"minecraft:golden_sword":3,"minecraft:oak_sapling":1,"minecraft:spider_eye":4,"minecraft:stone_bricks":1,"minecraft:iron_bars":6,"minecraft:wooden_pickaxe":1,"minecraft:stone_brick_stairs":1},"minecraft:used":{"irons_spellbooks:inscription_table":1,"minecraft:stone_sword":174,"minecraft:shield":6,"minecraft:iron_sword":17,"minecraft:rotten_flesh":2,"minecraft:oak_door":1,"minecraft:torch":51,"minecraft:wooden_axe":4,"minecraft:dark_oak_slab":1,"minecraft:golden_sword":31,"minecraft:bow":15,"minecraft:furnace":4,"tombstone:gift":1,"minecraft:cobbled_deepslate":1,"minecraft:cooked_mutton":8,"minecraft:stone_pickaxe":210,"minecraft:oak_planks":151,"minecraft:wooden_pickaxe":3,"minecraft:crafting_table":9,"minecraft:white_bed":1,"minecraft:bread":38,"minecraft:iron_pickaxe":12,"minecraft:stone_axe":176,"minecraft:cobblestone":91,"alexsmobs:animal_dictionary":1},"minecraft:killed":{"minecraft:spider":2,"minecraft:vindicator":1,"born_in_chaos_v1:scarlet_persecutor":1,"minecraft:chicken":1,"minecraft:sheep":5,"minecraft:pillager":4,"minecraft:zombie":1,"born_in_chaos_v1:corpse_fly":1},"minecraft:crafted":{"minecraft:oak_door":3,"minecraft:oak_planks":324,"minecraft:furnace":2,"minecraft:cooked_mutton":7,"minecraft:bow":1,"sophisticatedbackpacks:copper_backpack":1,"minecraft:stone_pickaxe":2,"minecraft:oak_button":1,"sophisticatedbackpacks:iron_backpack":1,"minecraft:wheat":135,"minecraft:arrow":8,"minecraft:emerald":9,"iceandfire:silver_ingot":2,"minecraft:crafting_table":6,"minecraft:wooden_pickaxe":1,"minecraft:copper_ingot":11,"sophisticatedbackpacks:gold_backpack":1,"minecraft:stone_axe":2,"minecraft:air":0,"minecraft:bread":54,"minecraft:shield":1,"minecraft:stick":36,"minecraft:gold_ingot":16,"minecraft:iron_ingot":9,"minecraft:iron_pickaxe":1,"minecraft:wooden_axe":1,"minecraft:stone_sword":1,"minecraft:white_bed":1,"minecraft:torch":100},"minecraft:custom":{"minecraft:mob_kills":16,"minecraft:interact_with_crafting_table":31,"minecraft:open_barrel":50,"minecraft:damage_dealt_resisted":16,"minecraft:time_since_death":2003,"minecraft:climb_one_cm":6221,"minecraft:sprint_one_cm":233617,"minecraft:walk_one_cm":393430,"minecraft:damage_blocked_by_shield":140,"minecraft:drop":68,"minecraft:play_time":129425,"minecraft:deaths":24,"minecraft:sneak_time":638,"minecraft:walk_under_water_one_cm":10189,"minecraft:jump":1447,"minecraft:walk_on_water_one_cm":8677,"minecraft:total_world_time":129425,"minecraft:interact_with_furnace":42,"tombstone:raider_killed":5,"minecraft:interact_with_loom":1,"minecraft:sleep_in_bed":4,"minecraft:time_since_rest":1811,"minecraft:damage_taken":9004,"minecraft:damage_absorbed":7,"minecraft:damage_dealt":3160,"minecraft:fly_one_cm":214328,"minecraft:swim_one_cm":13356,"minecraft:open_chest":35,"minecraft:crouch_one_cm":1045,"tombstone:undead_killed":1,"minecraft:fall_one_cm":33072},"minecraft:picked_up":{"irons_spellbooks:scroll":2,"minecraft:crafting_table":3,"minecraft:iron_chestplate":1,"minecraft:wheat":4,"illagerinvasion:platinum_chunk":2,"minecraft:chicken":2,"minecraft:stone_brick_stairs":1,"minecraft:chain":1,"minecraft:golden_sword":5,"minecraft:cornflower":2,"minecraft:string":10,"minecraft:raw_copper":19,"minecraft:iron_leggings":1,"minecraft:white_carpet":3,"minecraft:blue_orchid":3,"minecraft:cracked_stone_bricks":1,"irons_spellbooks:arcane_essence":38,"minecraft:cobbled_deepslate":12,"minecraft:rose_bush":1,"minecraft:light_gray_wool":3,"irons_spellbooks:inscription_table":1,"minecraft:piston":2,"minecraft:furnace":2,"minecraft:stick":12,"minecraft:raw_iron":10,"minecraft:copper_ingot":2,"minecraft:torch":5,"minecraft:spruce_fence":1,"sophisticatedbackpacks:backpack":1,"regions_unexplored:raw_redstone_block":1,"minecraft:cauldron":1,"minecraft:arrow":3,"minecraft:rotten_flesh":9,"minecraft:hay_block":9,"minecraft:mutton":8,"minecraft:iron_bars":6,"minecraft:cobblestone":108,"minecraft:white_wool":4,"minecraft:feather":1,"biomesoplenty:goldenrod":3,"paraglider:spirit_orb":2,"minecraft:oak_log":113,"minecraft:chainmail_chestplate":1,"minecraft:dirt":5,"minecraft:cooked_mutton":1,"graveyard:small_white_urn":1,"minecraft:chipped_anvil":1,"minecraft:bone":3,"minecraft:apple":27,"minecraft:stone_bricks":1,"minecraft:wheat_seeds":11,"minecraft:bamboo":20,"minecraft:oak_planks":2,"minecraft:iron_sword":1,"minecraft:book":4,"minecraft:smooth_basalt":3,"minecraft:dark_oak_slab":1,"minecraft:emerald_block":1,"born_in_chaos_v1:ethereal_spirit":1,"minecraft:jungle_planks":2,"minecraft:blast_furnace":1,"minecraft:spider_eye":4,"minecraft:mossy_cobblestone":1,"biomesoplenty:flowering_oak_sapling":2,"minecraft:bundle":1,"minecraft:diamond":1,"minecraft:iron_helmet":1,"minecraft:crossbow":1,"minecraft:emerald":5,"minecraft:oak_sapling":16,"minecraft:dark_oak_fence":1,"minecraft:coal":39,"iceandfire:raw_silver":2}},"DataVersion":3465}