{"stats":{"minecraft:used":{"minecraft:ladder":3,"minecraft:chest":3,"minecraft:shield":20,"minecraft:iron_sword":745,"minecraft:rotten_flesh":2,"minecraft:obsidian":2,"minecraft:dark_oak_slab":1,"minecraft:golden_sword":31,"minecraft:bow":135,"minecraft:furnace":8,"minecraft:oak_sapling":8,"minecraft:stone_pickaxe":251,"minecraft:oak_planks":476,"minecraft:blackstone":1,"minecraft:wooden_pickaxe":3,"minecraft:golden_apple":12,"minecraft:blast_furnace":1,"minecraft:bread":180,"minecraft:lectern":329,"regions_unexplored:bamboo_log":14,"minecraft:diamond_ore":5,"minecraft:smithing_table":1,"minecraft:bone_meal":26,"minecraft:golden_pickaxe":1,"minecraft:oak_trapdoor":16,"minecraft:enchanting_table":1,"minecraft:stone_sword":174,"minecraft:flint_and_steel":2,"minecraft:torch":395,"minecraft:oak_door":1,"minecraft:dirt":4,"minecraft:anvil":1,"minecraft:wooden_axe":4,"minecraft:chipped_anvil":1,"minecraft:bookshelf":16,"minecraft:iron_axe":790,"minecraft:golden_carrot":6,"tombstone:gift":3,"minecraft:cobbled_deepslate":81,"minecraft:cooked_mutton":8,"minecraft:water_bucket":13,"minecraft:fletching_table":3,"minecraft:stonecutter":1,"minecraft:crafting_table":19,"minecraft:white_bed":1,"minecraft:diamond_pickaxe":1000,"regions_unexplored:apple_oak_sapling":4,"minecraft:iron_pickaxe":695,"minecraft:stone_axe":191,"minecraft:cobblestone":270,"minecraft:potion":1,"minecraft:bucket":30,"alexsmobs:animal_dictionary":1,"irons_spellbooks:inscription_table":1},"minecraft:broken":{"minecraft:iron_boots":2,"minecraft:iron_chestplate":1,"minecraft:iron_leggings":1,"minecraft:stone_pickaxe":1,"minecraft:stone_sword":1,"minecraft:iron_axe":3,"minecraft:iron_pickaxe":1,"minecraft:iron_helmet":5},"minecraft:dropped":{"minecraft:iron_sword":6,"iceandfire:raw_silver":3,"minecraft:candle":1,"minecraft:porkchop":6,"minecraft:lapis_lazuli":9,"minecraft:cooked_beef":8,"minecraft:oak_log":49,"minecraft:golden_pickaxe":1,"minecraft:glass_bottle":2,"minecraft:crossbow":9,"minecraft:glow_berries":24,"minecraft:jungle_planks":2,"minecraft:cracked_stone_bricks":3,"born_in_chaos_v1:pieceofdarkmetal":2,"minecraft:cobblestone_stairs":3,"born_in_chaos_v1:monster_flesh":1,"minecraft:dirt":11,"minecraft:dark_oak_fence":7,"minecraft:cornflower":2,"biomesoplenty:flowering_oak_sapling":2,"minecraft:chain":1,"minecraft:gold_nugget":3,"minecraft:pumpkin_pie":2,"alexsmobs:emu_feather":2,"minecraft:polished_blackstone_bricks":6,"minecraft:iron_pickaxe":4,"minecraft:sugar":2,"minecraft:dark_oak_planks":1,"minecraft:white_wool":1,"minecraft:cauldron":1,"minecraft:oak_door":2,"minecraft:chiseled_polished_blackstone":2,"minecraft:stone_axe":1,"regions_unexplored:raw_redstone_block":1,"minecraft:compass":3,"minecraft:goat_horn":1,"minecraft:iron_nugget":3,"minecraft:cobbled_deepslate":814,"minecraft:wheat":4,"minecraft:rotten_flesh":12,"minecraft:oak_planks":9,"minecraft:carrot":3,"minecraft:chainmail_chestplate":1,"minecraft:tipped_arrow":1,"minecraft:chest":4,"minecraft:spruce_slab":1,"minecraft:iron_bars":6,"minecraft:stone_brick_stairs":1,"minecraft:enchanted_book":2,"minecraft:bread":2,"minecraft:oak_slab":4,"minecraft:wheat_seeds":11,"minecraft:golden_helmet":1,"minecraft:mossy_cobblestone":2,"minecraft:polished_blackstone":5,"biomesoplenty:maple_sapling":29,"minecraft:iron_helmet":1,"minecraft:cobblestone":62,"minecraft:book":4,"minecraft:amethyst_block":4,"minecraft:copper_ingot":5,"minecraft:disc_fragment_5":8,"tombstone:scroll_of_mercy":2,"irons_spellbooks:ancient_knowledge_fragment":1,"minecraft:chainmail_helmet":1,"minecraft:stick":34,"irons_spellbooks:scroll":1,"minecraft:cobweb":1,"illagerinvasion:platinum_chunk":16,"biomesoplenty:goldenrod":3,"tombstone:magic_scroll":1,"minecraft:wooden_axe":1,"tombstone:grave_dust":1,"minecraft:iron_leggings":2,"minecraft:oak_stairs":2,"minecraft:iron_axe":2,"minecraft:smooth_stone":1,"minecraft:chainmail_leggings":2,"minecraft:paper":3,"minecraft:bucket":1,"minecraft:smooth_basalt":3,"minecraft:bricks":1,"minecraft:moss_carpet":1,"minecraft:oak_trapdoor":1,"minecraft:stone_sword":2,"minecraft:raw_copper":38,"minecraft:tuff":63,"minecraft:chicken":2,"minecraft:white_carpet":3,"minecraft:light_gray_wool":3,"minecraft:clay_ball":1,"minecraft:iron_boots":1,"minecraft:iron_hoe":1,"sophisticatedbackpacks:backpack":1,"minecraft:name_tag":3,"minecraft:spruce_fence":1,"minecraft:blast_furnace":1,"minecraft:filled_map":5,"minecraft:potato":1,"minecraft:oak_button":1,"minecraft:iron_chestplate":4,"minecraft:yellow_bed":1,"iceandfire:silver_ingot":2,"minecraft:oak_sapling":42,"minecraft:golden_sword":3,"minecraft:stone_bricks":3,"minecraft:barrel":1,"minecraft:spider_eye":4,"minecraft:bamboo":17,"minecraft:blue_orchid":3,"minecraft:stone_pickaxe":1,"minecraft:wooden_pickaxe":1,"minecraft:terracotta":1},"minecraft:mined":{"minecraft:dark_oak_planks":1,"minecraft:large_amethyst_bud":3,"minecraft:spruce_planks":2,"minecraft:cobblestone_stairs":3,"minecraft:obsidian":17,"minecraft:budding_amethyst":2,"minecraft:chiseled_polished_blackstone":1,"minecraft:grass_block":14,"minecraft:yellow_carpet":1,"minecraft:coal_block":1,"minecraft:composter":1,"minecraft:spawner":3,"biomesoplenty:blackstone_bulb":1,"minecraft:polished_blackstone_bricks":2,"minecraft:cobbled_deepslate":2,"minecraft:iron_ore":72,"minecraft:barrel":2,"minecraft:fire":4,"minecraft:deepslate_lapis_ore":1,"minecraft:fletching_table":2,"biomesoplenty:redwood_log":26,"minecraft:oak_stairs":2,"minecraft:small_amethyst_bud":1,"minecraft:iron_bars":4,"minecraft:spruce_slab":2,"minecraft:piston_head":2,"minecraft:deepslate_redstone_ore":70,"regions_unexplored:cave_hyssop":2,"minecraft:blackstone":2,"minecraft:medium_amethyst_bud":1,"minecraft:amethyst_cluster":1,"born_in_chaos_v1:infected_deepslate_diamond_ore":13,"minecraft:clay":1,"minecraft:torch":2,"minecraft:blast_furnace":2,"minecraft:calcite":2,"minecraft:poppy":1,"minecraft:chest":15,"minecraft:dead_bush":2,"iceandfire:fire_lily":1,"minecraft:cobblestone":86,"minecraft:oak_planks":77,"minecraft:bricks":1,"regions_unexplored:bamboo_log":14,"minecraft:wall_torch":13,"minecraft:cauldron":1,"minecraft:amethyst_block":4,"biomesoplenty:goldenrod":2,"minecraft:dark_oak_slab":1,"minecraft:tnt":8,"minecraft:stone_brick_stairs":1,"minecraft:grass":107,"biomesoplenty:clover":1,"minecraft:oak_log":401,"minecraft:dirt":3,"structure_gel:dynamic_spawner":1,"minecraft:smooth_basalt":3,"minecraft:stonecutter":1,"regions_unexplored:prismoss_sprout":3,"minecraft:oak_leaves":40,"minecraft:deepslate":847,"minecraft:emerald_block":1,"minecraft:diamond_ore":5,"minecraft:crying_obsidian":2,"minecraft:tuff":71,"iceandfire:silver_ore":5,"minecraft:mossy_cobblestone":2,"minecraft:deepslate_diamond_ore":23,"born_in_chaos_v1:infected_diamond_ore":5,"minecraft:dark_oak_fence":11,"minecraft:spruce_fence":1,"minecraft:jungle_planks":2,"regions_unexplored:large_prismarite_cluster":1,"regions_unexplored:raw_redstone_block":2,"minecraft:hay_block":38,"minecraft:redstone_ore":8,"minecraft:furnace":2,"minecraft:raw_gold_block":45,"minecraft:gold_block":4,"minecraft:bookshelf":10,"minecraft:deepslate_iron_ore":4,"regions_unexplored:apple_oak_leaves":1,"minecraft:stripped_oak_log":1,"biomesoplenty:barley":19,"regions_unexplored:medium_grass":1,"minecraft:bamboo":5,"irons_spellbooks:inscription_table":1,"minecraft:stone":307,"minecraft:bone_block":6,"regions_unexplored:redstone_bulb":7,"minecraft:smithing_table":1,"minecraft:oak_slab":3,"minecraft:crafting_table":4,"minecraft:cornflower":2,"minecraft:emerald_ore":1,"minecraft:rose_bush":1,"minecraft:lectern":326,"minecraft:tall_grass":3,"minecraft:copper_ore":9,"minecraft:deepslate_gold_ore":33,"biomesoplenty:sprout":2,"minecraft:lapis_ore":5,"minecraft:sculk":8,"regions_unexplored:prismarite_cluster":16,"regions_unexplored:redstone_bud":1,"minecraft:spruce_log":23,"minecraft:yellow_bed":1,"minecraft:coal_ore":34,"minecraft:gravel":4,"minecraft:cobweb":12,"minecraft:cracked_stone_bricks":3,"minecraft:terracotta":1,"minecraft:polished_blackstone":5,"minecraft:stone_bricks":3,"minecraft:chipped_anvil":1,"minecraft:gold_ore":123,"biomesoplenty:redwood_wood":1},"minecraft:custom":{"minecraft:interact_with_crafting_table":126,"minecraft:open_barrel":188,"minecraft:leave_game":2,"minecraft:time_since_death":157,"minecraft:sprint_one_cm":862186,"minecraft:damage_blocked_by_shield":810,"minecraft:drop":250,"minecraft:talked_to_villager":432,"minecraft:play_time":711480,"minecraft:deaths":122,"minecraft:jump":6062,"minecraft:walk_on_water_one_cm":77057,"minecraft:enchant_item":1,"minecraft:interact_with_furnace":169,"minecraft:traded_with_villager":39,"minecraft:interact_with_loom":1,"minecraft:sleep_in_bed":11,"tombstone:sneak_grave":10,"minecraft:damage_dealt":27201,"minecraft:crouch_one_cm":86717,"tombstone:undead_killed":8,"minecraft:interact_with_smoker":1,"minecraft:interact_with_anvil":18,"minecraft:mob_kills":110,"minecraft:damage_dealt_resisted":1052,"minecraft:climb_one_cm":24276,"minecraft:walk_one_cm":1705054,"minecraft:damage_dealt_absorbed":75,"minecraft:sneak_time":25882,"minecraft:walk_under_water_one_cm":19817,"minecraft:interact_with_lectern":5,"minecraft:interact_with_blast_furnace":75,"minecraft:total_world_time":711480,"tombstone:raider_killed":46,"minecraft:time_since_rest":1,"minecraft:damage_taken":46591,"minecraft:damage_absorbed":479,"minecraft:trigger_trapped_chest":2,"minecraft:swim_one_cm":20707,"minecraft:fly_one_cm":922818,"minecraft:open_chest":153,"minecraft:fall_one_cm":203969},"minecraft:picked_up":{"irons_spellbooks:scroll":12,"minecraft:iron_chestplate":1,"minecraft:wheat":4,"illagerinvasion:platinum_chunk":18,"minecraft:smithing_table":1,"minecraft:lead":1,"minecraft:oak_stairs":2,"minecraft:enchanted_book":9,"minecraft:potion":5,"minecraft:stone_brick_stairs":1,"minecraft:golden_sword":5,"minecraft:amethyst_block":4,"minecraft:music_disc_cat":5,"regions_unexplored:prismarite_cluster":15,"minecraft:string":19,"minecraft:raw_copper":69,"irons_spellbooks:heavy_chain_necklace":1,"minecraft:iron_leggings":5,"minecraft:experience_bottle":9,"alexsmobs:emu_feather":2,"irons_spellbooks:arcane_essence":108,"minecraft:diamond_leggings":2,"minecraft:gold_nugget":3,"minecraft:cobbled_deepslate":940,"minecraft:rose_bush":1,"minecraft:iron_pickaxe":2,"irons_spellbooks:blank_rune":2,"minecraft:enchanted_golden_apple":3,"minecraft:coal_block":1,"irons_spellbooks:inscription_table":1,"minecraft:furnace":2,"minecraft:stick":56,"minecraft:torch":19,"deeperdarker:heart_of_the_deep":2,"regions_unexplored:raw_redstone_block":1,"minecraft:cauldron":1,"minecraft:stone_sword":2,"minecraft:rotten_flesh":16,"minecraft:obsidian":10,"irons_spellbooks:cooldown_ring":1,"minecraft:iron_bars":6,"minecraft:cobblestone":379,"minecraft:feather":1,"minecraft:cooked_beef":4,"minecraft:potato":1,"paraglider:spirit_orb":6,"minecraft:tuff":63,"minecraft:lapis_lazuli":55,"minecraft:dirt":19,"minecraft:disc_fragment_5":18,"minecraft:name_tag":2,"minecraft:bone":32,"minecraft:chipped_anvil":1,"minecraft:stonecutter":1,"minecraft:wheat_seeds":14,"minecraft:raw_gold":197,"minecraft:fletching_table":2,"minecraft:bamboo":32,"minecraft:oak_planks":75,"regions_unexplored:bamboo_log":14,"minecraft:chiseled_polished_blackstone":1,"minecraft:music_disc_13":2,"artifacts:rooted_boots":1,"minecraft:jungle_planks":2,"sophisticatedbackpacks:iron_backpack":1,"minecraft:barrel":1,"minecraft:mossy_cobblestone":2,"tombstone:scroll_of_mercy":2,"minecraft:bundle":1,"minecraft:iron_hoe":1,"minecraft:sugar":2,"minecraft:diamond":55,"minecraft:crossbow":10,"minecraft:golden_apple":1,"minecraft:chainmail_helmet":1,"minecraft:emerald":38,"minecraft:oak_sapling":44,"irons_spellbooks:uncommon_ink":1,"minecraft:dark_oak_fence":11,"minecraft:bricks":1,"iceandfire:raw_silver":5,"regions_unexplored:apple_oak_sapling":4,"born_in_chaos_v1:diamond_termite_shard":16,"minecraft:crafting_table":3,"minecraft:chicken":2,"minecraft:clay_ball":4,"minecraft:gold_block":3,"minecraft:diamond_horse_armor":1,"minecraft:chain":1,"minecraft:cornflower":3,"minecraft:iron_axe":3,"minecraft:white_carpet":3,"minecraft:compass":3,"minecraft:blackstone":1,"minecraft:blue_orchid":3,"deeperdarker:warden_carapace":2,"minecraft:cracked_stone_bricks":3,"irons_spellbooks:conjurers_talisman":1,"minecraft:candle":1,"minecraft:music_disc_otherside":2,"minecraft:echo_shard":2,"minecraft:spruce_slab":1,"minecraft:light_gray_wool":3,"minecraft:lectern":326,"minecraft:chest":13,"minecraft:piston":2,"minecraft:diamond_hoe":2,"minecraft:raw_iron":77,"regions_unexplored:silver_birch_leaf_pile":3,"minecraft:raw_gold_block":45,"minecraft:copper_ingot":2,"minecraft:spruce_fence":1,"sophisticatedbackpacks:backpack":1,"minecraft:polished_blackstone_bricks":6,"born_in_chaos_v1:pieceofdarkmetal":1,"minecraft:redstone":362,"minecraft:dark_oak_planks":1,"minecraft:tnt":7,"minecraft:arrow":37,"regions_unexplored:redstone_bulb":7,"minecraft:hay_block":32,"minecraft:ward_armor_trim_smithing_template":2,"minecraft:polished_blackstone":5,"minecraft:glow_berries":54,"minecraft:mutton":8,"irons_spellbooks:ancient_knowledge_fragment":6,"minecraft:white_wool":4,"minecraft:bone_block":6,"minecraft:stripped_oak_log":1,"born_in_chaos_v1:monster_flesh":1,"minecraft:glow_ink_sac":6,"biomesoplenty:goldenrod":3,"minecraft:filled_map":1,"minecraft:oak_log":292,"minecraft:chainmail_chestplate":1,"minecraft:yellow_bed":1,"minecraft:cobblestone_stairs":3,"irons_spellbooks:rare_ink":2,"minecraft:cooked_mutton":1,"graveyard:small_white_urn":1,"deeperdarker:warden_upgrade_smithing_template":3,"minecraft:apple":108,"minecraft:stone_bricks":3,"minecraft:glass_bottle":2,"tombstone:scroll_of_frost_resistance":1,"minecraft:iron_sword":6,"minecraft:book":108,"minecraft:sculk_catalyst":4,"minecraft:oak_slab":3,"minecraft:smooth_basalt":3,"minecraft:dark_oak_slab":1,"minecraft:emerald_block":1,"born_in_chaos_v1:ethereal_spirit":3,"minecraft:gravel":4,"minecraft:amethyst_shard":4,"minecraft:soul_torch":18,"minecraft:blast_furnace":2,"minecraft:spruce_log":22,"minecraft:crying_obsidian":2,"minecraft:spider_eye":5,"biomesoplenty:flowering_oak_sapling":2,"irons_spellbooks:poisonward_ring":1,"biomesoplenty:maple_sapling":29,"minecraft:sculk_sensor":9,"irons_spellbooks:magehunter":1,"tombstone:scroll_of_knowledge":1,"minecraft:iron_helmet":3,"minecraft:terracotta":1,"tombstone:magic_scroll":1,"minecraft:coal":142},"minecraft:crafted":{"minecraft:smooth_stone":4,"minecraft:oak_planks":1024,"minecraft:stone":4,"minecraft:bookshelf":19,"minecraft:cooked_mutton":7,"sophisticatedbackpacks:smelting_upgrade":1,"minecraft:iron_boots":3,"minecraft:bow":1,"sophisticatedbackpacks:copper_backpack":1,"minecraft:oak_button":1,"minecraft:copper_block":8,"minecraft:oak_slab":24,"minecraft:arrow":8,"minecraft:emerald":38,"irons_spellbooks:copper_spell_book":1,"minecraft:crafting_table":16,"minecraft:spruce_planks":88,"minecraft:wooden_pickaxe":1,"minecraft:iron_helmet":2,"irons_spellbooks:furled_map":1,"minecraft:copper_ingot":31,"minecraft:fletching_table":1,"minecraft:gold_block":8,"sophisticatedbackpacks:upgrade_base":2,"minecraft:lectern":4,"minecraft:iron_chestplate":3,"minecraft:diamond_pickaxe":1,"minecraft:shield":1,"sophisticatedbackpacks:diamond_backpack":1,"minecraft:stick":788,"minecraft:iron_ingot":314,"minecraft:iron_pickaxe":1,"minecraft:stone_sword":1,"minecraft:iron_block":8,"minecraft:gold_ingot":687,"sophisticatedbackpacks:blasting_upgrade":1,"minecraft:oak_door":3,"minecraft:raw_iron":18,"minecraft:coal":9,"sophisticatedbackpacks:stack_upgrade_tier_1":1,"minecraft:furnace":7,"sophisticatedbackpacks:stack_upgrade_starter_tier":1,"minecraft:bone_meal":87,"minecraft:oak_trapdoor":18,"minecraft:iron_axe":2,"minecraft:ladder":3,"minecraft:stone_pickaxe":2,"sophisticatedbackpacks:stack_upgrade_tier_2":1,"sophisticatedbackpacks:iron_backpack":1,"minecraft:wheat":360,"minecraft:coal_block":1,"iceandfire:silver_ingot":2,"minecraft:enchanting_table":1,"sophisticatedbackpacks:gold_backpack":1,"minecraft:bucket":6,"minecraft:stone_axe":2,"minecraft:enchanted_book":7,"minecraft:air":0,"minecraft:bread":142,"minecraft:potion":2,"minecraft:golden_apple":114,"minecraft:raw_gold":414,"minecraft:wooden_axe":1,"minecraft:iron_leggings":1,"minecraft:anvil":1,"minecraft:white_bed":1,"minecraft:torch":292},"minecraft:killed_by":{"born_in_chaos_v1:nightmare_stalker":5,"minecraft:piglin_brute":11,"minecraft:creeper":1,"minecraft:ravager":1,"graveyard:skeleton_creeper":1,"minecraft:vindicator":12,"minecraft:piglin":6,"minecraft:zombie":9,"born_in_chaos_v1:scarlet_persecutor":1,"minecraft:player":1,"minecraft:spider":7,"born_in_chaos_v1:zombie_lumberjack":1,"mowziesmobs:ferrous_wroughtnaut":11,"minecraft:warden":38,"minecraft:skeleton":4,"irons_spellbooks:archevoker":9},"minecraft:killed":{"minecraft:cave_spider":5,"minecraft:witch":1,"born_in_chaos_v1:restless_spirit":2,"minecraft:spider":2,"born_in_chaos_v1:scarlet_persecutor":1,"minecraft:chicken":1,"minecraft:piglin_brute":6,"minecraft:piglin":11,"born_in_chaos_v1:diamond_termite":17,"minecraft:sheep":5,"minecraft:pillager":24,"minecraft:zombie":6,"born_in_chaos_v1:dread_hound":1,"born_in_chaos_v1:corpse_fly":1,"minecraft:vindicator":20,"born_in_chaos_v1:maggot":1,"minecraft:warden":1,"minecraft:ravager":1,"born_in_chaos_v1:decrepit_skeleton":1,"minecraft:wither_skeleton":1}},"DataVersion":3465}