{"stats":{"minecraft:killed_by":{"minecraft:player":1,"minecraft:piglin_brute":11,"born_in_chaos_v1:nightmare_stalker":4,"minecraft:creeper":1,"minecraft:spider":7,"born_in_chaos_v1:zombie_lumberjack":1,"mowziesmobs:ferrous_wroughtnaut":11,"minecraft:vindicator":5,"minecraft:piglin":3,"minecraft:skeleton":4,"minecraft:zombie":8,"irons_spellbooks:archevoker":9,"born_in_chaos_v1:scarlet_persecutor":1},"minecraft:broken":{"minecraft:stone_sword":1,"minecraft:iron_leggings":1,"minecraft:stone_pickaxe":1,"minecraft:iron_helmet":2},"minecraft:killed":{"minecraft:spider":2,"minecraft:vindicator":2,"born_in_chaos_v1:scarlet_persecutor":1,"minecraft:chicken":1,"minecraft:piglin_brute":6,"minecraft:piglin":11,"born_in_chaos_v1:diamond_termite":4,"minecraft:sheep":5,"minecraft:pillager":4,"minecraft:zombie":1,"born_in_chaos_v1:corpse_fly":1,"minecraft:wither_skeleton":1},"minecraft:custom":{"minecraft:mob_kills":40,"minecraft:interact_with_crafting_table":65,"minecraft:open_barrel":120,"minecraft:damage_dealt_resisted":16,"minecraft:time_since_death":17,"minecraft:climb_one_cm":8368,"minecraft:sprint_one_cm":338711,"minecraft:walk_one_cm":817918,"minecraft:damage_blocked_by_shield":340,"minecraft:drop":115,"minecraft:talked_to_villager":3,"minecraft:play_time":257812,"minecraft:deaths":66,"minecraft:sneak_time":1137,"minecraft:walk_under_water_one_cm":11464,"minecraft:interact_with_lectern":5,"minecraft:jump":2310,"minecraft:interact_with_blast_furnace":20,"minecraft:walk_on_water_one_cm":17727,"minecraft:total_world_time":257812,"minecraft:interact_with_furnace":68,"tombstone:raider_killed":6,"minecraft:interact_with_loom":1,"minecraft:sleep_in_bed":5,"minecraft:time_since_rest":1,"minecraft:damage_taken":22865,"minecraft:damage_absorbed":77,"minecraft:damage_dealt":7175,"minecraft:fly_one_cm":294749,"minecraft:swim_one_cm":13356,"minecraft:open_chest":65,"minecraft:crouch_one_cm":2442,"tombstone:undead_killed":2,"minecraft:fall_one_cm":63035},"minecraft:crafted":{"minecraft:oak_door":3,"minecraft:oak_planks":452,"minecraft:raw_iron":18,"sophisticatedbackpacks:stack_upgrade_tier_1":1,"minecraft:furnace":2,"sophisticatedbackpacks:stack_upgrade_starter_tier":1,"minecraft:cooked_mutton":7,"minecraft:iron_boots":1,"minecraft:bow":1,"sophisticatedbackpacks:copper_backpack":1,"minecraft:stone_pickaxe":2,"sophisticatedbackpacks:stack_upgrade_tier_2":1,"minecraft:copper_block":8,"minecraft:oak_button":1,"sophisticatedbackpacks:iron_backpack":1,"minecraft:wheat":360,"minecraft:coal_block":1,"minecraft:arrow":8,"minecraft:emerald":9,"irons_spellbooks:copper_spell_book":1,"iceandfire:silver_ingot":2,"minecraft:crafting_table":8,"minecraft:wooden_pickaxe":1,"minecraft:copper_ingot":31,"sophisticatedbackpacks:gold_backpack":1,"minecraft:gold_block":8,"minecraft:bucket":1,"minecraft:stone_axe":2,"sophisticatedbackpacks:upgrade_base":2,"minecraft:bread":142,"minecraft:air":0,"minecraft:iron_chestplate":1,"minecraft:golden_apple":2,"minecraft:diamond_pickaxe":1,"minecraft:shield":1,"sophisticatedbackpacks:diamond_backpack":1,"minecraft:raw_gold":9,"minecraft:iron_block":8,"minecraft:stick":40,"minecraft:iron_ingot":67,"minecraft:iron_pickaxe":1,"minecraft:wooden_axe":1,"minecraft:stone_sword":1,"minecraft:gold_ingot":76,"minecraft:white_bed":1,"minecraft:torch":100},"minecraft:used":{"irons_spellbooks:inscription_table":1,"minecraft:stone_sword":174,"minecraft:flint_and_steel":1,"minecraft:shield":9,"minecraft:iron_sword":241,"minecraft:rotten_flesh":2,"minecraft:oak_door":1,"minecraft:torch":74,"minecraft:obsidian":2,"minecraft:wooden_axe":4,"minecraft:dark_oak_slab":1,"minecraft:golden_sword":31,"minecraft:bow":78,"minecraft:furnace":4,"tombstone:gift":1,"minecraft:cobbled_deepslate":1,"minecraft:cooked_mutton":8,"minecraft:oak_planks":285,"minecraft:stone_pickaxe":251,"minecraft:blackstone":1,"minecraft:wooden_pickaxe":3,"minecraft:golden_apple":2,"minecraft:crafting_table":11,"minecraft:blast_furnace":1,"minecraft:white_bed":1,"minecraft:diamond_pickaxe":6,"minecraft:bread":82,"minecraft:iron_pickaxe":113,"minecraft:diamond_ore":2,"minecraft:stone_axe":191,"minecraft:cobblestone":91,"minecraft:bucket":3,"alexsmobs:animal_dictionary":1},"minecraft:dropped":{"minecraft:iron_sword":2,"minecraft:bread":2,"minecraft:wheat_seeds":11,"minecraft:lapis_lazuli":9,"minecraft:mossy_cobblestone":1,"minecraft:iron_helmet":1,"minecraft:crossbow":6,"minecraft:book":4,"minecraft:cobblestone":6,"minecraft:amethyst_block":4,"minecraft:jungle_planks":2,"minecraft:copper_ingot":5,"born_in_chaos_v1:pieceofdarkmetal":1,"irons_spellbooks:ancient_knowledge_fragment":1,"minecraft:stick":8,"minecraft:cobweb":1,"irons_spellbooks:scroll":1,"minecraft:dirt":5,"illagerinvasion:platinum_chunk":2,"biomesoplenty:goldenrod":3,"tombstone:magic_scroll":1,"minecraft:dark_oak_fence":5,"minecraft:cornflower":2,"minecraft:wooden_axe":1,"biomesoplenty:flowering_oak_sapling":2,"tombstone:grave_dust":1,"minecraft:gold_nugget":2,"minecraft:chain":1,"minecraft:iron_pickaxe":1,"minecraft:chainmail_leggings":1,"minecraft:paper":3,"minecraft:white_wool":1,"minecraft:smooth_basalt":3,"minecraft:oak_door":2,"minecraft:stone_axe":1,"minecraft:moss_carpet":1,"minecraft:stone_sword":2,"minecraft:iron_nugget":3,"minecraft:raw_copper":38,"minecraft:wheat":4,"minecraft:chicken":1,"minecraft:white_carpet":3,"minecraft:clay_ball":1,"minecraft:rotten_flesh":9,"minecraft:oak_planks":9,"minecraft:light_gray_wool":3,"sophisticatedbackpacks:backpack":1,"minecraft:name_tag":1,"minecraft:spruce_fence":1,"minecraft:chainmail_chestplate":1,"minecraft:tipped_arrow":1,"minecraft:oak_button":1,"minecraft:iron_chestplate":2,"minecraft:barrel":1,"minecraft:spider_eye":4,"minecraft:oak_sapling":23,"minecraft:golden_sword":3,"minecraft:stone_bricks":1,"minecraft:spruce_slab":1,"minecraft:iron_bars":6,"minecraft:blue_orchid":3,"minecraft:stone_pickaxe":1,"minecraft:wooden_pickaxe":1,"minecraft:stone_brick_stairs":1},"minecraft:mined":{"minecraft:diamond_ore":2,"minecraft:large_amethyst_bud":3,"minecraft:crying_obsidian":2,"minecraft:spruce_planks":2,"iceandfire:silver_ore":2,"minecraft:mossy_cobblestone":1,"minecraft:deepslate_diamond_ore":1,"minecraft:chiseled_polished_blackstone":1,"minecraft:obsidian":1,"born_in_chaos_v1:infected_diamond_ore":3,"minecraft:budding_amethyst":2,"minecraft:dark_oak_fence":6,"minecraft:grass_block":3,"minecraft:spruce_fence":1,"minecraft:yellow_carpet":1,"minecraft:jungle_planks":2,"regions_unexplored:large_prismarite_cluster":1,"regions_unexplored:raw_redstone_block":2,"minecraft:spawner":3,"biomesoplenty:blackstone_bulb":1,"minecraft:hay_block":38,"minecraft:polished_blackstone_bricks":2,"minecraft:redstone_ore":8,"minecraft:furnace":2,"minecraft:iron_ore":49,"minecraft:fire":1,"minecraft:barrel":2,"minecraft:gold_block":4,"minecraft:deepslate_iron_ore":2,"minecraft:small_amethyst_bud":1,"minecraft:iron_bars":4,"regions_unexplored:apple_oak_leaves":1,"biomesoplenty:barley":19,"regions_unexplored:medium_grass":1,"minecraft:bamboo":4,"irons_spellbooks:inscription_table":1,"minecraft:stone":110,"regions_unexplored:redstone_bulb":7,"minecraft:spruce_slab":2,"minecraft:piston_head":2,"regions_unexplored:cave_hyssop":2,"minecraft:blackstone":1,"minecraft:medium_amethyst_bud":1,"minecraft:amethyst_cluster":1,"minecraft:crafting_table":4,"minecraft:cornflower":1,"minecraft:blast_furnace":1,"minecraft:calcite":2,"minecraft:poppy":1,"minecraft:rose_bush":1,"iceandfire:fire_lily":1,"minecraft:tall_grass":3,"minecraft:copper_ore":9,"minecraft:cobblestone":10,"biomesoplenty:sprout":2,"minecraft:lapis_ore":5,"minecraft:oak_planks":11,"regions_unexplored:prismarite_cluster":16,"minecraft:wall_torch":6,"minecraft:amethyst_block":4,"minecraft:cauldron":1,"biomesoplenty:goldenrod":2,"minecraft:dark_oak_slab":1,"regions_unexplored:redstone_bud":1,"minecraft:stone_brick_stairs":1,"minecraft:grass":81,"biomesoplenty:clover":1,"minecraft:oak_log":140,"minecraft:coal_ore":34,"minecraft:cobweb":9,"structure_gel:dynamic_spawner":1,"minecraft:cracked_stone_bricks":2,"minecraft:smooth_basalt":3,"minecraft:polished_blackstone":5,"minecraft:stone_bricks":1,"regions_unexplored:prismoss_sprout":3,"minecraft:gold_ore":2,"minecraft:chipped_anvil":1,"minecraft:deepslate":15,"minecraft:emerald_block":1},"minecraft:picked_up":{"irons_spellbooks:scroll":3,"born_in_chaos_v1:diamond_termite_shard":4,"minecraft:crafting_table":3,"minecraft:iron_chestplate":1,"minecraft:wheat":4,"illagerinvasion:platinum_chunk":2,"minecraft:chicken":2,"minecraft:gold_block":3,"minecraft:stone_brick_stairs":1,"minecraft:chain":1,"minecraft:golden_sword":5,"regions_unexplored:prismarite_cluster":15,"minecraft:amethyst_block":4,"minecraft:cornflower":2,"minecraft:string":10,"minecraft:raw_copper":69,"minecraft:iron_leggings":2,"minecraft:white_carpet":3,"minecraft:blackstone":1,"minecraft:blue_orchid":3,"minecraft:cracked_stone_bricks":1,"irons_spellbooks:arcane_essence":46,"minecraft:gold_nugget":3,"minecraft:cobbled_deepslate":12,"minecraft:rose_bush":1,"minecraft:iron_pickaxe":1,"minecraft:spruce_slab":1,"minecraft:light_gray_wool":3,"irons_spellbooks:inscription_table":1,"minecraft:piston":2,"minecraft:furnace":2,"minecraft:stick":12,"minecraft:raw_iron":51,"regions_unexplored:silver_birch_leaf_pile":3,"minecraft:copper_ingot":2,"minecraft:torch":7,"sophisticatedbackpacks:backpack":1,"minecraft:spruce_fence":1,"minecraft:polished_blackstone_bricks":2,"regions_unexplored:raw_redstone_block":1,"minecraft:redstone":37,"minecraft:cauldron":1,"minecraft:stone_sword":2,"regions_unexplored:redstone_bulb":7,"minecraft:arrow":23,"minecraft:rotten_flesh":9,"minecraft:hay_block":32,"minecraft:polished_blackstone":5,"minecraft:obsidian":1,"minecraft:mutton":8,"minecraft:iron_bars":6,"minecraft:white_wool":4,"minecraft:cobblestone":113,"minecraft:feather":1,"biomesoplenty:goldenrod":3,"paraglider:spirit_orb":6,"minecraft:oak_log":113,"minecraft:chainmail_chestplate":1,"minecraft:lapis_lazuli":50,"minecraft:dirt":5,"minecraft:cooked_mutton":1,"graveyard:small_white_urn":1,"minecraft:bone":5,"minecraft:chipped_anvil":1,"minecraft:apple":27,"minecraft:stone_bricks":1,"minecraft:wheat_seeds":11,"minecraft:raw_gold":2,"minecraft:bamboo":20,"minecraft:iron_sword":2,"minecraft:oak_planks":11,"minecraft:book":4,"minecraft:smooth_basalt":3,"minecraft:dark_oak_slab":1,"minecraft:emerald_block":1,"born_in_chaos_v1:ethereal_spirit":1,"minecraft:jungle_planks":2,"minecraft:amethyst_shard":4,"minecraft:blast_furnace":1,"minecraft:crying_obsidian":2,"minecraft:spider_eye":4,"minecraft:barrel":1,"minecraft:mossy_cobblestone":1,"biomesoplenty:flowering_oak_sapling":2,"minecraft:bundle":1,"irons_spellbooks:magehunter":1,"minecraft:diamond":3,"minecraft:iron_helmet":1,"minecraft:crossbow":6,"minecraft:emerald":11,"minecraft:oak_sapling":16,"minecraft:dark_oak_fence":5,"minecraft:coal":42,"iceandfire:raw_silver":2}},"DataVersion":3465}