{"stats":{"minecraft:killed_by":{"minecraft:player":1,"born_in_chaos_v1:nightmare_stalker":4,"minecraft:creeper":1,"minecraft:spider":7,"born_in_chaos_v1:zombie_lumberjack":1,"mowziesmobs:ferrous_wroughtnaut":10,"minecraft:vindicator":5,"minecraft:skeleton":3,"minecraft:zombie":8,"irons_spellbooks:archevoker":9,"born_in_chaos_v1:scarlet_persecutor":1},"minecraft:broken":{"minecraft:stone_sword":1,"minecraft:iron_leggings":1,"minecraft:stone_pickaxe":1,"minecraft:iron_helmet":1},"minecraft:killed":{"minecraft:spider":2,"minecraft:vindicator":2,"born_in_chaos_v1:scarlet_persecutor":1,"minecraft:chicken":1,"minecraft:sheep":5,"minecraft:pillager":4,"minecraft:zombie":1,"born_in_chaos_v1:corpse_fly":1},"minecraft:custom":{"minecraft:mob_kills":18,"minecraft:interact_with_crafting_table":38,"minecraft:open_barrel":81,"minecraft:damage_dealt_resisted":16,"minecraft:time_since_death":2095,"minecraft:climb_one_cm":7508,"minecraft:sprint_one_cm":270249,"minecraft:walk_one_cm":557394,"minecraft:damage_blocked_by_shield":140,"minecraft:drop":88,"minecraft:talked_to_villager":3,"minecraft:play_time":173812,"minecraft:deaths":50,"minecraft:sneak_time":735,"minecraft:walk_under_water_one_cm":11464,"minecraft:interact_with_lectern":5,"minecraft:jump":1806,"minecraft:walk_on_water_one_cm":16904,"minecraft:total_world_time":173812,"minecraft:interact_with_furnace":46,"tombstone:raider_killed":6,"minecraft:interact_with_loom":1,"minecraft:sleep_in_bed":5,"minecraft:time_since_rest":1580,"minecraft:damage_taken":16518,"minecraft:damage_absorbed":7,"minecraft:damage_dealt":4605,"minecraft:fly_one_cm":251906,"minecraft:swim_one_cm":13356,"minecraft:open_chest":56,"minecraft:crouch_one_cm":1560,"tombstone:undead_killed":1,"minecraft:fall_one_cm":45025},"minecraft:crafted":{"minecraft:oak_door":3,"minecraft:oak_planks":324,"minecraft:furnace":2,"minecraft:cooked_mutton":7,"minecraft:bow":1,"sophisticatedbackpacks:copper_backpack":1,"minecraft:stone_pickaxe":2,"minecraft:oak_button":1,"sophisticatedbackpacks:iron_backpack":1,"minecraft:wheat":135,"minecraft:coal_block":1,"minecraft:arrow":8,"minecraft:emerald":9,"iceandfire:silver_ingot":2,"minecraft:crafting_table":7,"minecraft:wooden_pickaxe":1,"minecraft:copper_ingot":16,"sophisticatedbackpacks:gold_backpack":1,"minecraft:stone_axe":2,"sophisticatedbackpacks:upgrade_base":2,"minecraft:bread":54,"minecraft:air":0,"minecraft:diamond_pickaxe":1,"minecraft:shield":1,"minecraft:stick":40,"minecraft:iron_ingot":9,"minecraft:iron_pickaxe":1,"minecraft:wooden_axe":1,"minecraft:stone_sword":1,"minecraft:gold_ingot":16,"minecraft:white_bed":1,"minecraft:torch":100},"minecraft:used":{"irons_spellbooks:inscription_table":1,"minecraft:stone_sword":174,"minecraft:shield":6,"minecraft:iron_sword":97,"minecraft:rotten_flesh":2,"minecraft:oak_door":1,"minecraft:torch":61,"minecraft:wooden_axe":4,"minecraft:dark_oak_slab":1,"minecraft:golden_sword":31,"minecraft:bow":17,"minecraft:furnace":4,"tombstone:gift":1,"minecraft:cobbled_deepslate":1,"minecraft:cooked_mutton":8,"minecraft:oak_planks":181,"minecraft:stone_pickaxe":230,"minecraft:wooden_pickaxe":3,"minecraft:crafting_table":10,"minecraft:white_bed":1,"minecraft:diamond_pickaxe":2,"minecraft:bread":47,"minecraft:iron_pickaxe":27,"minecraft:stone_axe":191,"minecraft:cobblestone":91,"alexsmobs:animal_dictionary":1},"minecraft:dropped":{"minecraft:bread":2,"minecraft:wheat_seeds":11,"minecraft:mossy_cobblestone":1,"minecraft:crossbow":1,"minecraft:book":4,"minecraft:cobblestone":3,"minecraft:jungle_planks":2,"minecraft:copper_ingot":5,"irons_spellbooks:ancient_knowledge_fragment":1,"minecraft:stick":8,"irons_spellbooks:scroll":1,"minecraft:dirt":5,"illagerinvasion:platinum_chunk":2,"biomesoplenty:goldenrod":3,"tombstone:magic_scroll":1,"minecraft:dark_oak_fence":5,"minecraft:cornflower":2,"minecraft:wooden_axe":1,"biomesoplenty:flowering_oak_sapling":2,"tombstone:grave_dust":1,"minecraft:chain":1,"minecraft:paper":3,"minecraft:white_wool":1,"minecraft:smooth_basalt":3,"minecraft:oak_door":2,"minecraft:iron_nugget":3,"minecraft:raw_copper":8,"minecraft:wheat":4,"minecraft:chicken":1,"minecraft:white_carpet":3,"minecraft:rotten_flesh":9,"minecraft:oak_planks":9,"minecraft:light_gray_wool":3,"sophisticatedbackpacks:backpack":1,"minecraft:spruce_fence":1,"minecraft:chainmail_chestplate":1,"minecraft:tipped_arrow":1,"minecraft:oak_button":1,"minecraft:iron_chestplate":1,"minecraft:spider_eye":4,"minecraft:oak_sapling":23,"minecraft:golden_sword":3,"minecraft:stone_bricks":1,"minecraft:spruce_slab":1,"minecraft:iron_bars":6,"minecraft:blue_orchid":3,"minecraft:wooden_pickaxe":1,"minecraft:stone_brick_stairs":1},"minecraft:mined":{"minecraft:crying_obsidian":2,"minecraft:spruce_planks":2,"iceandfire:silver_ore":2,"minecraft:mossy_cobblestone":1,"minecraft:deepslate_diamond_ore":1,"minecraft:dark_oak_fence":6,"minecraft:grass_block":3,"minecraft:spruce_fence":1,"minecraft:yellow_carpet":1,"minecraft:jungle_planks":2,"regions_unexplored:raw_redstone_block":1,"minecraft:spawner":3,"minecraft:hay_block":38,"minecraft:furnace":2,"minecraft:iron_ore":13,"minecraft:fire":1,"minecraft:barrel":2,"minecraft:gold_block":1,"minecraft:deepslate_iron_ore":1,"minecraft:iron_bars":4,"regions_unexplored:apple_oak_leaves":1,"biomesoplenty:barley":19,"regions_unexplored:medium_grass":1,"minecraft:bamboo":4,"irons_spellbooks:inscription_table":1,"minecraft:stone":108,"minecraft:spruce_slab":2,"minecraft:piston_head":2,"minecraft:crafting_table":4,"minecraft:cornflower":1,"minecraft:blast_furnace":1,"minecraft:calcite":2,"minecraft:poppy":1,"minecraft:rose_bush":1,"iceandfire:fire_lily":1,"minecraft:tall_grass":3,"minecraft:copper_ore":9,"minecraft:cobblestone":10,"biomesoplenty:sprout":2,"minecraft:lapis_ore":5,"minecraft:oak_planks":4,"minecraft:wall_torch":5,"minecraft:cauldron":1,"biomesoplenty:goldenrod":2,"minecraft:dark_oak_slab":1,"minecraft:stone_brick_stairs":1,"minecraft:grass":81,"biomesoplenty:clover":1,"minecraft:oak_log":140,"minecraft:coal_ore":34,"minecraft:cobweb":9,"structure_gel:dynamic_spawner":1,"minecraft:cracked_stone_bricks":2,"minecraft:smooth_basalt":3,"minecraft:stone_bricks":1,"minecraft:gold_ore":2,"minecraft:chipped_anvil":1,"minecraft:deepslate":15,"minecraft:emerald_block":1},"minecraft:picked_up":{"irons_spellbooks:scroll":3,"minecraft:crafting_table":3,"minecraft:iron_chestplate":1,"minecraft:wheat":4,"illagerinvasion:platinum_chunk":2,"minecraft:chicken":2,"minecraft:stone_brick_stairs":1,"minecraft:chain":1,"minecraft:golden_sword":5,"minecraft:cornflower":2,"minecraft:string":10,"minecraft:raw_copper":39,"minecraft:iron_leggings":1,"minecraft:white_carpet":3,"minecraft:blue_orchid":3,"minecraft:cracked_stone_bricks":1,"irons_spellbooks:arcane_essence":46,"minecraft:cobbled_deepslate":12,"minecraft:rose_bush":1,"minecraft:spruce_slab":1,"minecraft:light_gray_wool":3,"irons_spellbooks:inscription_table":1,"minecraft:piston":2,"minecraft:furnace":2,"minecraft:stick":12,"minecraft:raw_iron":15,"regions_unexplored:silver_birch_leaf_pile":3,"minecraft:copper_ingot":2,"minecraft:torch":6,"sophisticatedbackpacks:backpack":1,"minecraft:spruce_fence":1,"regions_unexplored:raw_redstone_block":1,"minecraft:cauldron":1,"minecraft:arrow":16,"minecraft:rotten_flesh":9,"minecraft:hay_block":32,"minecraft:mutton":8,"minecraft:iron_bars":6,"minecraft:white_wool":4,"minecraft:cobblestone":111,"minecraft:feather":1,"biomesoplenty:goldenrod":3,"paraglider:spirit_orb":6,"minecraft:oak_log":113,"minecraft:chainmail_chestplate":1,"minecraft:lapis_lazuli":41,"minecraft:dirt":5,"minecraft:cooked_mutton":1,"graveyard:small_white_urn":1,"minecraft:bone":3,"minecraft:chipped_anvil":1,"minecraft:apple":27,"minecraft:stone_bricks":1,"minecraft:wheat_seeds":11,"minecraft:raw_gold":2,"minecraft:bamboo":20,"minecraft:iron_sword":1,"minecraft:oak_planks":4,"minecraft:book":4,"minecraft:smooth_basalt":3,"minecraft:dark_oak_slab":1,"minecraft:emerald_block":1,"born_in_chaos_v1:ethereal_spirit":1,"minecraft:jungle_planks":2,"minecraft:blast_furnace":1,"minecraft:crying_obsidian":2,"minecraft:spider_eye":4,"minecraft:barrel":1,"minecraft:mossy_cobblestone":1,"biomesoplenty:flowering_oak_sapling":2,"minecraft:bundle":1,"irons_spellbooks:magehunter":1,"minecraft:diamond":1,"minecraft:iron_helmet":1,"minecraft:crossbow":1,"minecraft:emerald":11,"minecraft:oak_sapling":16,"minecraft:dark_oak_fence":5,"minecraft:coal":41,"iceandfire:raw_silver":2}},"DataVersion":3465}