{"stats":{"minecraft:killed_by":{"born_in_chaos_v1:nightmare_stalker":8,"minecraft:piglin_brute":19,"minecraft:ravager":1,"minecraft:vindicator":13,"minecraft:zombie":9,"born_in_chaos_v1:scarlet_persecutor":1,"born_in_chaos_v1:dire_hound_leader":1,"born_in_chaos_v1:zombie_lumberjack":2,"alexsmobs:bison":1,"minecraft:warden":38,"mutantmonsters:mutant_skeleton":2,"minecraft:wither_skeleton":5,"minecraft:creeper":1,"graveyard:skeleton_creeper":1,"minecraft:piglin":6,"minecraft:blaze":1,"graveyard:wraith":3,"iceandfire:fire_dragon":3,"minecraft:player":1,"iceandfire:deathworm":2,"minecraft:spider":7,"mowziesmobs:ferrous_wroughtnaut":17,"minecraft:hoglin":1,"minecraft:skeleton":4,"iceandfire:lightning_dragon":9,"irons_spellbooks:archevoker":9,"cataclysm:ignis":1},"minecraft:broken":{"minecraft:iron_boots":4,"minecraft:iron_chestplate":3,"minecraft:iron_leggings":2,"minecraft:stone_sword":1,"minecraft:shield":2,"minecraft:iron_axe":11,"minecraft:iron_pickaxe":6,"minecraft:iron_helmet":8,"minecraft:stone_pickaxe":1},"minecraft:killed":{"illagerinvasion:archivist":2,"minecraft:cave_spider":12,"cataclysm:the_prowler":1,"born_in_chaos_v1:restless_spirit":2,"born_in_chaos_v1:zombie_lumberjack":1,"graveyard:wraith":12,"born_in_chaos_v1:siamese_skeletonsright":1,"illagerinvasion:basher":6,"minecraft:skeleton":15,"graveyard:acolyte":1,"minecraft:chicken":2,"mowziesmobs:umvuthana_crane":2,"irons_spellbooks:archevoker":1,"illagerinvasion:necromancer":2,"minecraft:magma_cube":13,"born_in_chaos_v1:bone_imp":1,"minecraft:pillager":45,"minecraft:zombie":24,"born_in_chaos_v1:corpse_fly":11,"iceandfire:lightning_dragon":6,"minecraft:cow":12,"minecraft:evoker":2,"graveyard:corrupted_vindicator":9,"alexsmobs:raccoon":3,"minecraft:vindicator":30,"illagerinvasion:marauder":4,"born_in_chaos_v1:firelight":2,"minecraft:warden":1,"minecraft:husk":9,"cataclysm:the_watcher":9,"minecraft:ravager":3,"born_in_chaos_v1:decrepit_skeleton":4,"cataclysm:ignis":1,"iceandfire:ice_dragon":1,"born_in_chaos_v1:lifestealer_true_form":1,"born_in_chaos_v1:zombie_clown":1,"minecraft:witch":5,"mowziesmobs:umvuthi":1,"minecraft:spider":19,"cataclysm:the_harbinger":1,"minecraft:wither":2,"born_in_chaos_v1:scarlet_persecutor":6,"illagerinvasion:provoker":1,"minecraft:illusioner":1,"irons_spellbooks:summoned_skeleton":1,"minecraft:piglin_brute":7,"born_in_chaos_v1:firelight_not_despawn":1,"illagerinvasion:inquisitor":1,"minecraft:piglin":12,"minecraft:pig":30,"born_in_chaos_v1:diamond_termite":21,"irons_spellbooks:necromancer":2,"illagerinvasion:alchemist":2,"minecraft:creeper":3,"alexsmobs:crimson_mosquito":1,"minecraft:sheep":48,"born_in_chaos_v1:dread_hound":3,"alexsmobs:terrapin":1,"illagerinvasion:sorcerer":1,"graveyard:corrupted_pillager":3,"minecraft:blaze":60,"born_in_chaos_v1:siamese_skeletonsleft":1,"cataclysm:ignited_revenant":4,"minecraft:vex":1,"irons_spellbooks:summoned_zombie":7,"born_in_chaos_v1:maggot":12,"iceandfire:fire_dragon":11,"iceandfire:deathworm":1,"mowziesmobs:umvuthana":12,"born_in_chaos_v1:fallen_chaos_knight":1,"born_in_chaos_v1:baby_skeleton":2,"iceandfire:troll":1,"minecraft:hoglin":6,"alexsmobs:cockroach":1,"minecraft:wither_skeleton":65},"minecraft:custom":{"minecraft:interact_with_crafting_table":331,"minecraft:open_barrel":276,"minecraft:bell_ring":2,"minecraft:leave_game":13,"minecraft:time_since_death":40369,"minecraft:damage_blocked_by_shield":2058,"minecraft:play_time":2062105,"minecraft:deaths":179,"minecraft:jump":19422,"tombstone:kill_undead_boss":2,"minecraft:enchant_item":1,"minecraft:interact_with_furnace":202,"minecraft:traded_with_villager":384,"minecraft:sleep_in_bed":33,"minecraft:waystone_activated":2,"tombstone:sneak_grave":10,"minecraft:damage_dealt":166554,"tombstone:undead_killed":154,"minecraft:interact_with_smoker":1,"minecraft:interact_with_smithing_table":16,"minecraft:interact_with_anvil":75,"minecraft:damage_dealt_absorbed":75,"minecraft:sneak_time":32041,"minecraft:interact_with_lectern":5,"minecraft:interact_with_blast_furnace":78,"minecraft:total_world_time":2062105,"tombstone:raider_killed":107,"minecraft:interact_with_stonecutter":1,"minecraft:time_since_rest":39933,"minecraft:swim_one_cm":62948,"minecraft:fly_one_cm":3076069,"minecraft:open_chest":494,"minecraft:fall_one_cm":571185,"minecraft:damage_resisted":2081,"minecraft:sprint_one_cm":2798334,"minecraft:drop":637,"minecraft:talked_to_villager":785,"minecraft:interact_with_brewingstand":30,"minecraft:walk_on_water_one_cm":313788,"minecraft:interact_with_loom":3,"minecraft:crouch_one_cm":98210,"minecraft:mob_kills":631,"minecraft:damage_dealt_resisted":2210,"minecraft:climb_one_cm":47850,"minecraft:walk_one_cm":5831136,"minecraft:raid_win":1,"minecraft:walk_under_water_one_cm":98620,"minecraft:raid_trigger":1,"minecraft:interact_with_grindstone":2,"minecraft:damage_taken":101478,"minecraft:damage_absorbed":7695,"minecraft:trigger_trapped_chest":3},"minecraft:crafted":{"minecraft:smooth_stone":4,"minecraft:blaze_powder":18,"minecraft:bookshelf":25,"minecraft:cooked_mutton":7,"minecraft:glass":87,"sophisticatedbackpacks:smelting_upgrade":1,"minecraft:diamond_helmet":1,"sophisticatedbackpacks:copper_backpack":2,"sophisticatedbackpacks:tank_upgrade":1,"minecraft:glass_bottle":57,"minecraft:wooden_shovel":1,"minecraft:emerald":357,"irons_spellbooks:copper_spell_book":1,"minecraft:copper_ingot":31,"minecraft:fletching_table":6,"minecraft:lectern":5,"minecraft:iron_pickaxe":7,"iceandfire:summoning_crystal_fire":1,"iceandfire:dragonsteel_fire_helmet":1,"minecraft:iron_block":19,"minecraft:gold_ingot":1292,"sophisticatedbackpacks:blasting_upgrade":1,"iceandfire:dragon_horn":1,"minecraft:netherite_ingot":11,"sophisticatedbackpacks:netherite_backpack":2,"iceandfire:dragonsteel_fire_leggings":1,"sophisticatedbackpacks:stack_upgrade_tier_1":2,"minecraft:bone_meal":87,"irons_spellbooks:graybeard_staff":1,"iceandfire:dragonscale_gray":4,"sophisticatedbackpacks:advanced_pump_upgrade":1,"minecraft:diamond":10,"minecraft:ladder":3,"minecraft:stone_pickaxe":2,"minecraft:diamond_boots":1,"iceandfire:dragonsteel_fire_ingot":22,"minecraft:dark_oak_planks":2004,"iceandfire:dragonsteel_fire_chestplate":1,"irons_spellbooks:gold_spell_book":1,"minecraft:wheat":1044,"minecraft:coal_block":1,"minecraft:netherite_pickaxe":1,"minecraft:enchanting_table":1,"iceandfire:dragonforge_fire_input":1,"sophisticatedbackpacks:gold_backpack":3,"minecraft:dark_oak_button":64,"minecraft:enchanted_book":26,"minecraft:potion":2,"minecraft:golden_apple":210,"minecraft:fermented_spider_eye":2,"minecraft:wooden_axe":1,"minecraft:iron_leggings":2,"minecraft:white_bed":1,"graveyard:dark_iron_block":2,"iceandfire:dragonforge_fire_brick":32,"minecraft:oak_planks":4480,"minecraft:stone":69,"minecraft:iron_boots":5,"minecraft:bow":3,"minecraft:chest":1,"minecraft:oak_button":3,"minecraft:copper_block":8,"minecraft:netherite_upgrade_smithing_template":14,"minecraft:ender_eye":12,"minecraft:stone_bricks":36,"minecraft:oak_fence":42,"minecraft:oak_slab":30,"minecraft:arrow":8,"sophisticatedbackpacks:backpack":1,"minecraft:crafting_table":40,"minecraft:spruce_planks":164,"minecraft:wooden_pickaxe":1,"minecraft:iron_helmet":4,"irons_spellbooks:furled_map":1,"minecraft:gold_block":8,"sophisticatedbackpacks:upgrade_base":5,"minecraft:dispenser":1,"minecraft:iron_chestplate":5,"sophisticatedbackpacks:xp_pump_upgrade":1,"minecraft:purple_dye":8,"minecraft:diamond_pickaxe":1,"minecraft:shield":3,"iceandfire:dragonscale_bronze":21,"sophisticatedbackpacks:diamond_backpack":3,"minecraft:stick":10844,"iceandfire:dragonsteel_fire_sword":1,"minecraft:iron_ingot":323,"minecraft:stone_sword":1,"iceandfire:dragonforge_fire_core_disabled":1,"minecraft:oak_door":3,"minecraft:coal":45,"minecraft:raw_iron":18,"iceandfire:dragon_stick":1,"iceandfire:dragonscale_green":15,"minecraft:furnace":7,"sophisticatedbackpacks:stack_upgrade_starter_tier":1,"minecraft:oak_trapdoor":22,"minecraft:iron_axe":10,"shieldexp:diamond_shield":1,"sophisticatedbackpacks:stack_upgrade_tier_2":1,"iceandfire:dragon_bone_block":8,"minecraft:netherite_scrap":1,"sophisticatedbackpacks:iron_backpack":2,"minecraft:sugar":4,"irons_spellbooks:concentration_amulet":1,"iceandfire:silver_ingot":2,"iceandfire:dragon_meal":63,"cataclysm:flame_eye":2,"minecraft:bucket":6,"minecraft:stone_axe":2,"minecraft:air":0,"minecraft:bread":366,"minecraft:blue_dye":2,"sophisticatedbackpacks:pump_upgrade":1,"minecraft:raw_gold":432,"minecraft:anvil":2,"minecraft:acacia_planks":348,"minecraft:torch":584,"minecraft:diamond_chestplate":1},"minecraft:used":{"irons_spellbooks:inscription_table":1,"iceandfire:dragonforge_fire_input":1,"minecraft:polished_blackstone":3,"minecraft:ladder":5,"minecraft:chest":7,"minecraft:stone":15,"minecraft:rotten_flesh":2,"minecraft:soul_sand":18,"minecraft:snowball":12,"minecraft:lava_bucket":8,"minecraft:dark_oak_slab":1,"minecraft:bow":1635,"iceandfire:chared_stone":9,"minecraft:furnace":8,"minecraft:oak_sapling":8,"minecraft:potato":17,"biomesoplenty:flesh":20,"minecraft:blackstone":34,"minecraft:wooden_pickaxe":3,"minecraft:golden_apple":194,"minecraft:blast_furnace":1,"minecraft:deepslate_tiles":1,"minecraft:lectern":488,"minecraft:diamond_ore":5,"iceandfire:chared_cobblestone":18,"minecraft:diamond_sword":1402,"minecraft:smithing_table":1,"iceandfire:dragon_bone_block":9,"minecraft:oak_trapdoor":20,"minecraft:enchanting_table":1,"minecraft:stone_sword":174,"minecraft:netherrack":407,"minecraft:torch":718,"minecraft:brewing_stand":1,"minecraft:anvil":2,"minecraft:chipped_anvil":1,"minecraft:iron_axe":2960,"tombstone:gift":3,"minecraft:acacia_planks":58,"minecraft:cobbled_deepslate":159,"minecraft:water_bucket":61,"iceandfire:crackled_stone":3,"minecraft:fletching_table":13,"minecraft:polished_blackstone_bricks":1,"minecraft:tnt":11,"minecraft:crafting_table":44,"minecraft:white_bed":1,"minecraft:oak_log":1,"minecraft:diamond_pickaxe":1201,"regions_unexplored:apple_oak_sapling":4,"minecraft:diamond_shovel":186,"minecraft:oak_button":2,"minecraft:iron_pickaxe":1998,"iceandfire:dragon_horn":4,"iceandfire:crackled_cobblestone":13,"minecraft:cobblestone":361,"minecraft:potion":7,"minecraft:diamond_hoe":88,"minecraft:shield":40,"minecraft:iron_sword":1048,"minecraft:nether_wart":18,"minecraft:nether_bricks":40,"minecraft:obsidian":13,"iceandfire:dragonsteel_fire_sword":498,"minecraft:golden_sword":31,"minecraft:wither_skeleton_skull":6,"minecraft:stone_pickaxe":251,"minecraft:oak_planks":894,"minecraft:sugar_cane":11,"minecraft:bread":532,"regions_unexplored:bamboo_log":14,"iceandfire:dragonegg_red":1,"minecraft:bone_meal":26,"minecraft:experience_bottle":108,"minecraft:golden_pickaxe":1,"minecraft:oak_fence":43,"minecraft:flint_and_steel":6,"minecraft:oak_door":1,"minecraft:dirt":4,"minecraft:granite":22,"minecraft:wooden_axe":4,"minecraft:bookshelf":16,"shieldexp:netherite_shield":13,"iceandfire:dragonforge_fire_core_disabled":1,"minecraft:golden_carrot":7,"iceandfire:dragonforge_fire_brick":18,"minecraft:netherite_pickaxe":31773,"minecraft:enchanted_golden_apple":4,"minecraft:cooked_mutton":8,"minecraft:glass_bottle":14,"minecraft:stonecutter":1,"minecraft:apple":11,"biomesoplenty:porous_flesh":4,"minecraft:stone_axe":191,"cataclysm:flame_eye":66,"minecraft:bucket":89,"alexsmobs:animal_dictionary":1,"minecraft:splash_potion":2},"minecraft:dropped":{"minecraft:iron_sword":8,"iceandfire:raw_silver":5,"minecraft:porkchop":6,"minecraft:cooked_beef":8,"minecraft:lapis_lazuli":9,"minecraft:glow_ink_sac":3,"graveyard:small_white_urn":1,"minecraft:glass_bottle":2,"minecraft:crossbow":11,"minecraft:cookie":5,"minecraft:glow_berries":24,"minecraft:dark_oak_button":64,"minecraft:cracked_stone_bricks":3,"minecraft:saddle":1,"born_in_chaos_v1:pieceofdarkmetal":2,"minecraft:rail":3,"minecraft:red_mushroom":1,"born_in_chaos_v1:monster_flesh":3,"minecraft:dirt":96,"minecraft:dark_oak_fence":7,"tombstone:soul_receptacle":2,"minecraft:cracked_deepslate_tiles":1,"minecraft:chain":13,"irons_spellbooks:gold_spell_book":1,"minecraft:gold_nugget":362,"alexsmobs:emu_feather":2,"minecraft:iron_pickaxe":4,"minecraft:sugar":2,"minecraft:dark_oak_planks":1,"minecraft:white_wool":1,"minecraft:oak_door":2,"minecraft:stone_axe":1,"minecraft:compass":3,"minecraft:goat_horn":1,"minecraft:sugar_cane":9,"minecraft:iron_nugget":23,"minecraft:cobbled_deepslate":829,"minecraft:wheat":11,"tombstone:gift":1,"minecraft:rotten_flesh":62,"minecraft:grindstone":1,"minecraft:oak_planks":9,"iceandfire:crackled_gravel":1,"minecraft:tipped_arrow":1,"minecraft:deepslate_tiles":4,"regions_unexplored:apple_oak_sapling":3,"iceandfire:crackled_cobblestone":18,"minecraft:acacia_sapling":3,"minecraft:spruce_slab":1,"minecraft:stone_brick_stairs":2,"biomesoplenty:tall_lavender":4,"minecraft:egg":2,"minecraft:enchanted_book":2,"minecraft:iron_ingot":1,"minecraft:wheat_seeds":54,"minecraft:polished_blackstone":5,"minecraft:cobblestone":69,"biomesoplenty:lavender":59,"biomesoplenty:maple_sapling":134,"minecraft:iron_helmet":3,"minecraft:book":4,"minecraft:disc_fragment_5":8,"minecraft:chainmail_helmet":2,"minecraft:polished_blackstone_stairs":4,"minecraft:oxeye_daisy":3,"minecraft:cobweb":1,"mowziesmobs:sol_visage":1,"biomesoplenty:goldenrod":13,"born_in_chaos_v1:black_argillite":2,"iceandfire:copper_nugget":160,"minecraft:wooden_axe":1,"minecraft:oak_stairs":2,"minecraft:iron_shovel":1,"minecraft:paper":7,"minecraft:smooth_stone":1,"minecraft:chainmail_leggings":3,"minecraft:polished_deepslate_wall":4,"iceandfire:silver_nugget":18,"minecraft:bricks":1,"iceandfire:dragonscale_gray":4,"minecraft:moss_carpet":3,"alexsmobs:acacia_blossom":1,"minecraft:stone_sword":6,"regions_unexplored:bamboo_log":7,"minecraft:diamond_hoe":1,"minecraft:chicken":2,"minecraft:white_carpet":3,"minecraft:clay_ball":1,"minecraft:iron_boots":1,"sophisticatedbackpacks:backpack":1,"minecraft:name_tag":3,"minecraft:spruce_fence":1,"minecraft:blast_furnace":1,"minecraft:diamond_sword":3,"minecraft:potato":10,"alexsmobs:cockroach_wing_fragment":2,"minecraft:yellow_bed":1,"iceandfire:silver_ingot":2,"artifacts:pickaxe_heater":1,"minecraft:stone_bricks":3,"minecraft:barrel":2,"minecraft:spider_eye":7,"minecraft:bamboo":17,"minecraft:blue_orchid":3,"iceandfire:crackled_stone":15,"minecraft:magma_block":16,"minecraft:terracotta":1,"minecraft:candle":1,"minecraft:moss_block":1,"minecraft:oak_log":49,"minecraft:golden_pickaxe":1,"minecraft:dark_oak_sapling":45,"minecraft:jungle_planks":2,"minecraft:cobblestone_stairs":3,"minecraft:flint":2,"tombstone:bag_of_seeds":1,"born_in_chaos_v1:monster_skin":1,"minecraft:cornflower":3,"minecraft:dark_oak_wood":2,"minecraft:crimson_roots":1,"biomesoplenty:flowering_oak_sapling":2,"minecraft:pumpkin_pie":2,"born_in_chaos_v1:black_argillite_brick_wall":1,"iceandfire:ash":1,"minecraft:polished_blackstone_bricks":6,"minecraft:cauldron":1,"minecraft:gravel":242,"minecraft:chiseled_polished_blackstone":2,"regions_unexplored:raw_redstone_block":1,"minecraft:blackstone":60,"born_in_chaos_v1:ethereal_spirit":9,"minecraft:carrot":3,"minecraft:chainmail_chestplate":3,"minecraft:gunpowder":8,"born_in_chaos_v1:corpse_maggot":9,"minecraft:chest":4,"born_in_chaos_v1:diamond_termite_shard":5,"minecraft:blackstone_slab":2,"minecraft:basalt":51,"minecraft:iron_bars":6,"biomesoplenty:flesh":5,"minecraft:quartz":269,"minecraft:netherrack":6441,"minecraft:bread":2,"minecraft:oak_slab":4,"minecraft:golden_helmet":1,"minecraft:mossy_cobblestone":2,"minecraft:bookshelf":1,"minecraft:diamond_leggings":1,"minecraft:observer":2,"minecraft:amethyst_block":4,"minecraft:copper_ingot":5,"tombstone:scroll_of_mercy":2,"irons_spellbooks:ancient_knowledge_fragment":1,"minecraft:stick":38,"irons_spellbooks:scroll":1,"minecraft:blue_dye":4,"illagerinvasion:platinum_chunk":22,"tombstone:magic_scroll":2,"minecraft:smooth_quartz":10,"born_in_chaos_v1:fused_bone":3,"tombstone:grave_dust":9,"minecraft:iron_leggings":2,"minecraft:iron_axe":3,"minecraft:pink_petals":7,"minecraft:bucket":1,"minecraft:dandelion":2,"minecraft:smooth_basalt":3,"minecraft:redstone":35,"born_in_chaos_v1:black_argillite_brick_stairs":2,"minecraft:oak_trapdoor":1,"regions_unexplored:cobalt_earlight":1,"minecraft:raw_copper":58,"minecraft:tuff":63,"minecraft:light_gray_wool":6,"minecraft:iron_hoe":2,"minecraft:filled_map":5,"minecraft:oak_button":1,"iceandfire:chared_cobblestone":22,"minecraft:iron_chestplate":7,"minecraft:andesite":24,"minecraft:oak_sapling":169,"minecraft:golden_sword":5,"minecraft:diamond_boots":1,"minecraft:stone_pickaxe":1,"minecraft:wooden_pickaxe":1,"iceandfire:chared_stone":28},"minecraft:picked_up":{"minecraft:iron_chestplate":4,"minecraft:chainmail_boots":1,"minecraft:smithing_table":1,"minecraft:lead":1,"minecraft:diamond_sword":7,"regions_unexplored:cobalt_earlight":1,"born_in_chaos_v1:black_argillite_brick_wall":1,"minecraft:oak_stairs":2,"minecraft:enchanted_book":9,"minecraft:brewing_stand":1,"minecraft:golden_sword":7,"minecraft:polished_deepslate_wall":4,"minecraft:amethyst_block":4,"minecraft:music_disc_cat":5,"minecraft:string":56,"biomesoplenty:tall_lavender":4,"alexsmobs:emu_feather":2,"minecraft:diamond_leggings":2,"minecraft:gold_nugget":5386,"minecraft:cobbled_deepslate":1005,"bosses_of_mass_destruction:soul_star":2,"minecraft:spruce_planks":2,"irons_spellbooks:blank_rune":2,"minecraft:enchanted_golden_apple":3,"minecraft:coal_block":5,"minecraft:polished_blackstone_stairs":4,"minecraft:acacia_log":87,"iceandfire:lightning_dragon_flesh":21,"minecraft:golden_axe":1,"regions_unexplored:raw_redstone_block":1,"born_in_chaos_v1:black_argillite_brick_stairs":2,"minecraft:cauldron":1,"minecraft:stone_sword":8,"minecraft:polished_basalt":3,"iceandfire:fire_dragon_heart":6,"minecraft:blue_dye":2,"minecraft:blaze_rod":80,"minecraft:iron_bars":6,"minecraft:snowball":12,"biomesoplenty:lavender":67,"iceandfire:sapphire_gem":2,"minecraft:magma_block":16,"minecraft:feather":13,"minecraft:cooked_beef":4,"minecraft:flint":24,"tombstone:familiar_receptacle":1,"minecraft:disc_fragment_5":18,"minecraft:chipped_anvil":1,"minecraft:stonecutter":1,"minecraft:glowstone_dust":37,"minecraft:moss_block":1,"regions_unexplored:bamboo_log":26,"iceandfire:dragonscales_amythest":46,"minecraft:chiseled_polished_blackstone":1,"iceandfire:dragonscales_sapphire":106,"tombstone:scroll_of_feather_fall":1,"iceandfire:dragon_skull_fire":9,"sophisticatedbackpacks:iron_backpack":1,"iceandfire:lightning_dragon_heart":2,"minecraft:dark_oak_log":525,"minecraft:barrel":2,"iceandfire:chared_cobblestone":40,"minecraft:bundle":3,"minecraft:iron_hoe":3,"iceandfire:crackled_stone":18,"minecraft:granite":22,"minecraft:chainmail_helmet":3,"iceandfire:troll_leather_forest":2,"minecraft:dark_oak_fence":11,"minecraft:bricks":1,"minecraft:crimson_roots":1,"iceandfire:raw_silver":7,"iceandfire:dragon_skull_lightning":5,"minecraft:crafting_table":4,"iceandfire:witherbone":29,"minecraft:nether_wart":71,"minecraft:clay_ball":4,"born_in_chaos_v1:seedof_chaos":3,"irons_spellbooks:tarnished_helmet":1,"tombstone:scroll_of_preservation":1,"paraglider:heart_container":4,"minecraft:cornflower":7,"minecraft:white_carpet":3,"minecraft:compass":3,"minecraft:iron_shovel":3,"minecraft:cracked_stone_bricks":3,"minecraft:music_disc_otherside":2,"minecraft:beef":27,"minecraft:iron_nugget":20,"minecraft:poppy":1,"minecraft:spruce_slab":1,"minecraft:chest":13,"iceandfire:dragonscales_electric":89,"minecraft:piston":2,"minecraft:diamond_hoe":3,"minecraft:egg":2,"minecraft:raw_gold_block":47,"minecraft:spruce_fence":4,"sophisticatedbackpacks:backpack":1,"born_in_chaos_v1:pieceofdarkmetal":12,"minecraft:carrot":8,"minecraft:redstone":410,"iceandfire:dragon_skull_ice":1,"mowziesmobs:umvuthana_mask_faith":1,"minecraft:tnt":11,"irons_spellbooks:evocation_rune":1,"irons_spellbooks:gold_spell_book":1,"minecraft:hay_block":107,"mowziesmobs:umvuthana_mask_bliss":1,"tombstone:essence_of_undeath":1,"minecraft:totem_of_undying":2,"minecraft:polished_blackstone":8,"minecraft:glow_berries":54,"minecraft:mutton":74,"minecraft:rail":4,"irons_spellbooks:ancient_knowledge_fragment":6,"minecraft:white_wool":39,"minecraft:bone_block":6,"minecraft:oxeye_daisy":3,"minecraft:stripped_oak_log":1,"born_in_chaos_v1:monster_flesh":3,"minecraft:blackstone_slab":2,"alexsmobs:acacia_blossom":1,"minecraft:red_mushroom":1,"minecraft:filled_map":1,"graveyard:small_light_gray_urn":1,"minecraft:oak_log":1245,"minecraft:ancient_debris":52,"minecraft:paper":8,"minecraft:white_banner":6,"tombstone:gift":1,"graveyard:small_white_urn":1,"deeperdarker:warden_upgrade_smithing_template":3,"minecraft:apple":173,"minecraft:stone_bricks":3,"alexsmobs:cockroach_wing_fragment":2,"minecraft:cobweb":3,"tombstone:bag_of_seeds":1,"minecraft:glass_bottle":8,"tombstone:scroll_of_frost_resistance":1,"minecraft:iron_sword":6,"iceandfire:chared_stone":38,"iceandfire:copper_nugget":114,"minecraft:smooth_basalt":3,"minecraft:dark_oak_slab":1,"iceandfire:dragonsteel_fire_sword":1,"born_in_chaos_v1:ethereal_spirit":15,"minecraft:gravel":248,"minecraft:spruce_sapling":11,"minecraft:spruce_log":41,"minecraft:crying_obsidian":11,"cataclysm:flame_eye":65,"biomesoplenty:flowering_oak_sapling":2,"irons_spellbooks:poisonward_ring":1,"biomesoplenty:maple_sapling":134,"irons_spellbooks:magehunter":2,"tombstone:scroll_of_knowledge":1,"minecraft:gray_wool":3,"iceandfire:ice_dragon_flesh":13,"minecraft:ender_pearl":1,"irons_spellbooks:scroll":14,"minecraft:wheat":10,"illagerinvasion:platinum_chunk":32,"minecraft:potion":5,"minecraft:stone_brick_stairs":2,"born_in_chaos_v1:black_argillite":2,"regions_unexplored:prismarite_cluster":15,"minecraft:raw_copper":102,"irons_spellbooks:heavy_chain_necklace":1,"minecraft:iron_leggings":6,"minecraft:sticky_piston":3,"minecraft:experience_bottle":9,"irons_spellbooks:arcane_essence":116,"minecraft:deepslate_tiles":8,"minecraft:rose_bush":1,"iceandfire:dragonscale_bronze":5,"minecraft:smooth_quartz":11,"minecraft:iron_pickaxe":3,"alexsmobs:raccoon_tail":1,"irons_spellbooks:inscription_table":1,"minecraft:furnace":2,"minecraft:stick":224,"iceandfire:dragonscale_gray":4,"mowziesmobs:sol_visage":2,"minecraft:oak_fence":10,"minecraft:torch":48,"deeperdarker:heart_of_the_deep":2,"minecraft:porkchop":79,"iceandfire:crackled_gravel":1,"cataclysm:burning_ashes":4,"tombstone:grave_dust":15,"minecraft:rotten_flesh":68,"iceandfire:dragonegg_bronze":1,"irons_spellbooks:arcane_debris":2,"minecraft:obsidian":10,"irons_spellbooks:cooldown_ring":1,"minecraft:blaze_powder":2,"minecraft:cobblestone":556,"minecraft:pink_petals":7,"tombstone:soul_receptacle":2,"minecraft:magma_cream":8,"minecraft:andesite":24,"minecraft:golden_leggings":1,"minecraft:potato":1,"paraglider:spirit_orb":50,"minecraft:tuff":63,"graveyard:dark_iron_door":6,"minecraft:wither_skeleton_skull":6,"artifacts:pickaxe_heater":1,"minecraft:lapis_lazuli":197,"minecraft:dirt":91,"iceandfire:dragonscales_bronze":190,"minecraft:name_tag":2,"born_in_chaos_v1:monster_skin":1,"irons_spellbooks:hogskin":2,"minecraft:bone":194,"minecraft:acacia_planks":7,"minecraft:wheat_seeds":119,"minecraft:raw_gold":201,"minecraft:grindstone":1,"minecraft:fletching_table":8,"minecraft:bamboo":32,"minecraft:oak_planks":138,"iceandfire:dragonforge_fire_brick":1,"minecraft:music_disc_13":2,"artifacts:rooted_boots":1,"minecraft:jungle_planks":2,"minecraft:sand":110,"minecraft:mossy_cobblestone":2,"iceandfire:dragonegg_red":1,"minecraft:dark_prismarine":5,"tombstone:scroll_of_mercy":3,"iceandfire:dragon_bone_block":1,"minecraft:sugar":2,"born_in_chaos_v1:fire_dust":1,"minecraft:diamond":81,"minecraft:slime_block":16,"graveyard:cyan_urn":1,"minecraft:crossbow":12,"minecraft:golden_apple":8,"minecraft:emerald":293,"minecraft:oak_sapling":164,"minecraft:netherrack":7075,"irons_spellbooks:uncommon_ink":1,"iceandfire:silver_nugget":146,"minecraft:nether_star":2,"regions_unexplored:apple_oak_sapling":7,"born_in_chaos_v1:diamond_termite_shard":21,"minecraft:chicken":2,"minecraft:ladder":6,"iceandfire:fire_lily":2,"minecraft:brown_mushroom":16,"biomesoplenty:flesh":25,"minecraft:gold_block":3,"minecraft:diamond_horse_armor":1,"minecraft:chain":12,"minecraft:oak_trapdoor":1,"minecraft:moss_carpet":2,"minecraft:iron_axe":5,"minecraft:item_frame":2,"minecraft:blackstone":113,"minecraft:blue_orchid":3,"graveyard:corruption":13,"deeperdarker:warden_carapace":2,"irons_spellbooks:conjurers_talisman":1,"minecraft:candle":1,"minecraft:echo_shard":2,"irons_spellbooks:epic_ink":1,"minecraft:observer":3,"minecraft:light_gray_wool":6,"minecraft:lectern":484,"biomesoplenty:wildflower":5,"minecraft:sugar_cane":24,"iceandfire:ice_dragon_heart":1,"minecraft:dark_oak_sapling":45,"minecraft:raw_iron":82,"iceandfire:dragonscales_gray":39,"iceandfire:dragonbone":304,"iceandfire:dragonscales_green":159,"regions_unexplored:silver_birch_leaf_pile":3,"minecraft:copper_ingot":2,"iceandfire:deathworm_chitin_red":5,"cataclysm:witherite_block":1,"minecraft:polished_blackstone_bricks":7,"minecraft:cookie":5,"iceandfire:deathworm_egg_giant":1,"tombstone:scroll_of_purification":1,"minecraft:dark_oak_planks":3,"minecraft:arrow":97,"regions_unexplored:redstone_bulb":7,"minecraft:nether_bricks":66,"minecraft:saddle":2,"minecraft:ward_armor_trim_smithing_template":2,"minecraft:nether_brick_wall":1,"born_in_chaos_v1:fused_bone":3,"minecraft:cracked_deepslate_tiles":3,"born_in_chaos_v1:corpse_maggot":9,"minecraft:basalt":51,"minecraft:glow_ink_sac":9,"cataclysm:ignitium_ingot":3,"biomesoplenty:goldenrod":13,"minecraft:leather":8,"minecraft:chainmail_chestplate":3,"minecraft:yellow_bed":1,"minecraft:gunpowder":8,"minecraft:cobblestone_stairs":3,"tombstone:voodoo_poppet":2,"irons_spellbooks:rare_ink":2,"minecraft:cooked_mutton":3,"minecraft:iron_ingot":95,"minecraft:acacia_sapling":3,"iceandfire:fire_dragon_flesh":59,"mowziesmobs:umvuthana_mask_misery":2,"minecraft:soul_sand":67,"iceandfire:crackled_cobblestone":31,"minecraft:book":110,"minecraft:sculk_catalyst":4,"minecraft:oak_slab":3,"minecraft:emerald_block":1,"born_in_chaos_v1:lifestealer_bone":4,"iceandfire:ash":1,"minecraft:quartz":772,"minecraft:dandelion":4,"minecraft:amethyst_shard":4,"biomesoplenty:porous_flesh":4,"minecraft:soul_torch":18,"minecraft:blast_furnace":2,"minecraft:spider_eye":15,"minecraft:sculk_sensor":9,"minecraft:chainmail_leggings":1,"minecraft:iron_helmet":5,"minecraft:terracotta":11,"tombstone:magic_scroll":4,"minecraft:black_wool":1,"minecraft:dark_oak_wood":2,"minecraft:coal":272},"minecraft:mined":{"minecraft:dark_oak_planks":4,"biomesoplenty:brimstone":1,"minecraft:obsidian":17,"minecraft:granite":26,"minecraft:chiseled_polished_blackstone":1,"minecraft:acacia_log":87,"minecraft:yellow_carpet":1,"minecraft:deepslate_bricks":1,"minecraft:coal_block":5,"minecraft:oxeye_daisy":3,"minecraft:nether_wart":24,"minecraft:spawner":25,"minecraft:polished_blackstone_bricks":8,"minecraft:tall_seagrass":4,"minecraft:magma_block":15,"biomesoplenty:tall_lavender":6,"minecraft:barrel":3,"minecraft:cobbled_deepslate":37,"minecraft:sticky_piston":3,"minecraft:fire":64,"biomesoplenty:lavender":42,"minecraft:deepslate_lapis_ore":11,"minecraft:fletching_table":8,"iceandfire:gold_pile":514,"biomesoplenty:redwood_log":26,"minecraft:oak_stairs":2,"minecraft:small_amethyst_bud":1,"illagerinvasion:magic_fire":12,"minecraft:piston_head":2,"minecraft:brown_mushroom":14,"graveyard:dark_iron_trapdoor":1,"minecraft:amethyst_cluster":1,"born_in_chaos_v1:infected_deepslate_diamond_ore":15,"minecraft:torch":7,"irons_spellbooks:arcane_debris":2,"minecraft:dark_oak_wood":2,"minecraft:blast_furnace":4,"minecraft:dead_bush":2,"minecraft:sugar_cane":13,"minecraft:bricks":1,"minecraft:amethyst_block":4,"iceandfire:crackled_stone":19,"minecraft:stone_brick_stairs":4,"minecraft:grass":389,"minecraft:smooth_quartz":11,"graveyard:cyan_urn":1,"minecraft:smooth_basalt":3,"minecraft:stonecutter":1,"minecraft:deepslate":883,"minecraft:deepslate_tiles":9,"minecraft:dark_prismarine":5,"iceandfire:silver_ore":5,"minecraft:mossy_cobblestone":5,"minecraft:nether_brick_wall":1,"minecraft:dark_oak_log":593,"minecraft:nether_bricks":73,"minecraft:dark_oak_fence":11,"minecraft:spruce_fence":4,"born_in_chaos_v1:black_argillite_brick_wall":1,"minecraft:jungle_planks":2,"minecraft:crimson_roots":1,"graveyard:tg_deepslate":1,"minecraft:redstone_ore":15,"minecraft:snow":14,"minecraft:andesite":25,"biomesoplenty:flesh":35,"regions_unexplored:apple_oak_leaves":1,"biomesoplenty:barley":154,"minecraft:bamboo":5,"irons_spellbooks:inscription_table":1,"minecraft:bone_block":6,"minecraft:smithing_table":1,"biomesoplenty:porous_flesh":6,"minecraft:oak_slab":3,"minecraft:soul_sand":72,"minecraft:observer":1,"minecraft:dandelion":4,"regions_unexplored:cobalt_earlight":1,"minecraft:cornflower":7,"minecraft:emerald_ore":106,"minecraft:copper_ore":9,"minecraft:tall_grass":39,"minecraft:deepslate_gold_ore":33,"regions_unexplored:prismarite_cluster":16,"graveyard:vase_block":22,"minecraft:spruce_log":42,"minecraft:gravel":19,"biomesoplenty:stringy_cobweb":1,"minecraft:cobweb":22,"minecraft:acacia_planks":9,"minecraft:polished_blackstone":5,"minecraft:stone_bricks":5,"minecraft:chipped_anvil":1,"minecraft:gold_ore":124,"minecraft:large_amethyst_bud":3,"minecraft:spruce_planks":4,"minecraft:cobblestone_stairs":3,"gardens_of_the_dead:tall_blistercrown":1,"minecraft:brewing_stand":1,"minecraft:budding_amethyst":2,"minecraft:grass_block":19,"graveyard:dark_iron_door":6,"minecraft:composter":3,"iceandfire:crackled_cobblestone":33,"biomesoplenty:blackstone_bulb":1,"minecraft:glowstone":11,"minecraft:iron_ore":73,"born_in_chaos_v1:black_argillite_brick_stairs":2,"minecraft:iron_bars":6,"minecraft:spruce_slab":2,"iceandfire:chared_cobblestone":39,"minecraft:deepslate_redstone_ore":70,"regions_unexplored:cave_hyssop":2,"minecraft:blackstone":123,"minecraft:polished_deepslate_stairs":1,"minecraft:medium_amethyst_bud":1,"iceandfire:dragon_ice_spikes":12,"minecraft:clay":1,"minecraft:calcite":2,"minecraft:poppy":2,"minecraft:chest":16,"minecraft:mushroom_stem":1,"iceandfire:fire_lily":3,"minecraft:nether_quartz_ore":1391,"minecraft:cobblestone":90,"graveyard:skeleton_hand":1,"minecraft:slime_block":16,"minecraft:grindstone":3,"minecraft:oak_planks":140,"regions_unexplored:bamboo_log":27,"minecraft:wall_torch":22,"minecraft:cauldron":1,"biomesoplenty:goldenrod":18,"minecraft:seagrass":1,"gardens_of_the_dead:soul_spore":10,"minecraft:dark_oak_slab":1,"minecraft:tnt":12,"minecraft:cracked_deepslate_tiles":3,"biomesoplenty:clover":3,"minecraft:oak_log":1413,"minecraft:sand":123,"minecraft:dirt":5,"structure_gel:dynamic_spawner":1,"minecraft:ancient_debris":53,"minecraft:netherrack":30200,"regions_unexplored:prismoss_sprout":3,"minecraft:oak_leaves":41,"minecraft:emerald_block":1,"iceandfire:chared_stone":31,"minecraft:nether_gold_ore":29,"minecraft:red_carpet":1,"minecraft:diamond_ore":14,"minecraft:crying_obsidian":13,"minecraft:tuff":72,"minecraft:deepslate_diamond_ore":25,"iceandfire:frozen_cobblestone":1,"born_in_chaos_v1:infected_diamond_ore":9,"minecraft:ladder":3,"biomesoplenty:bush":1,"regions_unexplored:large_prismarite_cluster":1,"regions_unexplored:raw_redstone_block":2,"minecraft:hay_block":116,"minecraft:oak_trapdoor":4,"minecraft:furnace":2,"minecraft:raw_gold_block":47,"minecraft:polished_basalt":3,"iceandfire:dragon_bone_block":1,"minecraft:gold_block":5,"minecraft:bookshelf":10,"minecraft:deepslate_iron_ore":4,"minecraft:stripped_oak_log":1,"regions_unexplored:medium_grass":1,"minecraft:stone":484,"regions_unexplored:redstone_bulb":7,"minecraft:basalt":58,"graveyard:small_light_gray_urn":2,"minecraft:oak_fence":11,"minecraft:crafting_table":5,"minecraft:blackstone_slab":2,"minecraft:rose_bush":1,"minecraft:lectern":484,"biomesoplenty:sprout":3,"minecraft:lapis_ore":8,"biomesoplenty:huge_clover_petal":2,"minecraft:sculk":8,"regions_unexplored:redstone_bud":1,"gardens_of_the_dead:glowing_soul_spore":1,"minecraft:yellow_bed":1,"iceandfire:dragonforge_fire_brick":1,"minecraft:coal_ore":58,"minecraft:cracked_stone_bricks":3,"minecraft:terracotta":12,"biomesoplenty:redwood_wood":1}},"DataVersion":3465}