{"stats":{"minecraft:killed_by":{"born_in_chaos_v1:nightmare_stalker":4,"minecraft:piglin_brute":11,"minecraft:creeper":1,"minecraft:vindicator":5,"minecraft:piglin":6,"minecraft:zombie":8,"born_in_chaos_v1:scarlet_persecutor":1,"minecraft:player":1,"minecraft:spider":7,"born_in_chaos_v1:zombie_lumberjack":1,"mowziesmobs:ferrous_wroughtnaut":11,"minecraft:warden":15,"minecraft:skeleton":4,"irons_spellbooks:archevoker":9},"minecraft:broken":{"minecraft:iron_leggings":1,"minecraft:stone_pickaxe":1,"minecraft:stone_sword":1,"minecraft:iron_pickaxe":1,"minecraft:iron_helmet":2},"minecraft:killed":{"minecraft:spider":2,"born_in_chaos_v1:scarlet_persecutor":1,"minecraft:chicken":1,"minecraft:piglin_brute":6,"minecraft:piglin":11,"born_in_chaos_v1:diamond_termite":4,"minecraft:sheep":5,"minecraft:pillager":4,"minecraft:zombie":1,"born_in_chaos_v1:corpse_fly":1,"minecraft:vindicator":2,"minecraft:wither_skeleton":1},"minecraft:custom":{"minecraft:interact_with_crafting_table":69,"minecraft:open_barrel":120,"minecraft:leave_game":1,"minecraft:time_since_death":473,"minecraft:sprint_one_cm":385515,"minecraft:damage_blocked_by_shield":460,"minecraft:drop":151,"minecraft:talked_to_villager":3,"minecraft:play_time":354479,"minecraft:deaths":85,"minecraft:jump":2715,"minecraft:walk_on_water_one_cm":17727,"minecraft:interact_with_furnace":75,"minecraft:interact_with_loom":1,"minecraft:sleep_in_bed":5,"tombstone:sneak_grave":2,"minecraft:damage_dealt":7790,"minecraft:crouch_one_cm":46610,"tombstone:undead_killed":2,"minecraft:interact_with_anvil":5,"minecraft:mob_kills":40,"minecraft:damage_dealt_resisted":657,"minecraft:climb_one_cm":9020,"minecraft:walk_one_cm":903242,"minecraft:sneak_time":11910,"minecraft:walk_under_water_one_cm":11464,"minecraft:interact_with_lectern":5,"minecraft:interact_with_blast_furnace":36,"minecraft:total_world_time":354479,"tombstone:raider_killed":6,"minecraft:time_since_rest":229,"minecraft:damage_taken":29150,"minecraft:damage_absorbed":77,"minecraft:swim_one_cm":13356,"minecraft:fly_one_cm":341822,"minecraft:open_chest":78,"minecraft:fall_one_cm":81325},"minecraft:crafted":{"minecraft:oak_planks":452,"minecraft:cooked_mutton":7,"minecraft:bow":1,"minecraft:iron_boots":2,"sophisticatedbackpacks:copper_backpack":1,"minecraft:oak_button":1,"minecraft:copper_block":8,"minecraft:arrow":8,"minecraft:emerald":9,"irons_spellbooks:copper_spell_book":1,"minecraft:crafting_table":8,"minecraft:wooden_pickaxe":1,"minecraft:iron_helmet":1,"minecraft:copper_ingot":31,"minecraft:gold_block":8,"sophisticatedbackpacks:upgrade_base":2,"minecraft:iron_chestplate":1,"minecraft:diamond_pickaxe":1,"minecraft:shield":1,"sophisticatedbackpacks:diamond_backpack":1,"minecraft:stick":40,"minecraft:iron_ingot":105,"minecraft:iron_pickaxe":1,"minecraft:iron_block":8,"minecraft:stone_sword":1,"minecraft:gold_ingot":134,"minecraft:oak_door":3,"minecraft:raw_iron":18,"sophisticatedbackpacks:stack_upgrade_tier_1":1,"minecraft:furnace":2,"sophisticatedbackpacks:stack_upgrade_starter_tier":1,"minecraft:stone_pickaxe":2,"sophisticatedbackpacks:stack_upgrade_tier_2":1,"minecraft:wheat":360,"sophisticatedbackpacks:iron_backpack":1,"minecraft:coal_block":1,"iceandfire:silver_ingot":2,"sophisticatedbackpacks:gold_backpack":1,"minecraft:bucket":1,"minecraft:stone_axe":2,"minecraft:air":0,"minecraft:bread":142,"minecraft:golden_apple":12,"minecraft:raw_gold":9,"minecraft:wooden_axe":1,"minecraft:iron_leggings":1,"minecraft:white_bed":1,"minecraft:torch":100},"minecraft:used":{"irons_spellbooks:inscription_table":1,"minecraft:chest":3,"minecraft:shield":11,"minecraft:iron_sword":295,"minecraft:rotten_flesh":2,"minecraft:obsidian":2,"minecraft:dark_oak_slab":1,"minecraft:golden_sword":31,"minecraft:bow":78,"minecraft:furnace":4,"minecraft:stone_pickaxe":251,"minecraft:oak_planks":322,"minecraft:blackstone":1,"minecraft:wooden_pickaxe":3,"minecraft:golden_apple":2,"minecraft:blast_furnace":1,"minecraft:bread":101,"minecraft:diamond_ore":2,"minecraft:stone_sword":174,"minecraft:flint_and_steel":2,"minecraft:oak_door":1,"minecraft:torch":118,"minecraft:wooden_axe":4,"minecraft:chipped_anvil":1,"minecraft:iron_axe":14,"tombstone:gift":2,"minecraft:cobbled_deepslate":1,"minecraft:cooked_mutton":8,"minecraft:crafting_table":11,"minecraft:white_bed":1,"minecraft:diamond_pickaxe":6,"minecraft:iron_pickaxe":334,"minecraft:stone_axe":191,"minecraft:cobblestone":135,"minecraft:bucket":3,"alexsmobs:animal_dictionary":1},"minecraft:dropped":{"minecraft:iron_sword":3,"iceandfire:raw_silver":3,"minecraft:candle":1,"minecraft:lapis_lazuli":9,"minecraft:golden_pickaxe":1,"minecraft:crossbow":6,"minecraft:glow_berries":24,"minecraft:jungle_planks":2,"born_in_chaos_v1:pieceofdarkmetal":1,"minecraft:dirt":5,"minecraft:dark_oak_fence":5,"minecraft:cornflower":2,"biomesoplenty:flowering_oak_sapling":2,"minecraft:chain":1,"minecraft:gold_nugget":3,"minecraft:iron_pickaxe":1,"minecraft:white_wool":1,"minecraft:oak_door":2,"minecraft:stone_axe":1,"minecraft:compass":3,"minecraft:iron_nugget":3,"minecraft:cobbled_deepslate":61,"minecraft:wheat":4,"minecraft:rotten_flesh":9,"minecraft:oak_planks":9,"minecraft:chainmail_chestplate":1,"minecraft:tipped_arrow":1,"minecraft:chest":3,"minecraft:spruce_slab":1,"minecraft:iron_bars":6,"minecraft:stone_brick_stairs":1,"minecraft:enchanted_book":2,"minecraft:bread":2,"minecraft:wheat_seeds":11,"minecraft:golden_helmet":1,"minecraft:mossy_cobblestone":1,"minecraft:iron_helmet":1,"minecraft:cobblestone":57,"minecraft:book":4,"minecraft:amethyst_block":4,"minecraft:copper_ingot":5,"minecraft:disc_fragment_5":8,"tombstone:scroll_of_mercy":2,"minecraft:chainmail_helmet":1,"irons_spellbooks:ancient_knowledge_fragment":1,"minecraft:stick":8,"minecraft:cobweb":1,"irons_spellbooks:scroll":1,"illagerinvasion:platinum_chunk":2,"biomesoplenty:goldenrod":3,"tombstone:magic_scroll":1,"minecraft:wooden_axe":1,"tombstone:grave_dust":1,"minecraft:iron_leggings":2,"minecraft:chainmail_leggings":2,"minecraft:paper":3,"minecraft:bucket":1,"minecraft:smooth_basalt":3,"minecraft:moss_carpet":1,"minecraft:stone_sword":2,"minecraft:raw_copper":38,"minecraft:chicken":1,"minecraft:white_carpet":3,"minecraft:light_gray_wool":3,"minecraft:clay_ball":1,"minecraft:iron_boots":1,"sophisticatedbackpacks:backpack":1,"minecraft:name_tag":3,"minecraft:spruce_fence":1,"minecraft:filled_map":1,"minecraft:oak_button":1,"minecraft:iron_chestplate":3,"iceandfire:silver_ingot":2,"minecraft:oak_sapling":23,"minecraft:golden_sword":3,"minecraft:spider_eye":4,"minecraft:barrel":1,"minecraft:stone_bricks":1,"minecraft:blue_orchid":3,"minecraft:stone_pickaxe":1,"minecraft:wooden_pickaxe":1},"minecraft:mined":{"minecraft:large_amethyst_bud":3,"minecraft:spruce_planks":2,"minecraft:obsidian":1,"minecraft:budding_amethyst":2,"minecraft:chiseled_polished_blackstone":1,"minecraft:grass_block":3,"minecraft:yellow_carpet":1,"minecraft:spawner":3,"biomesoplenty:blackstone_bulb":1,"minecraft:polished_blackstone_bricks":2,"minecraft:barrel":2,"minecraft:iron_ore":72,"minecraft:fire":2,"minecraft:iron_bars":4,"minecraft:small_amethyst_bud":1,"minecraft:spruce_slab":2,"minecraft:piston_head":2,"regions_unexplored:cave_hyssop":2,"minecraft:blackstone":1,"minecraft:medium_amethyst_bud":1,"minecraft:amethyst_cluster":1,"minecraft:blast_furnace":1,"minecraft:poppy":1,"minecraft:calcite":2,"minecraft:chest":14,"iceandfire:fire_lily":1,"minecraft:cobblestone":23,"minecraft:oak_planks":11,"minecraft:wall_torch":8,"minecraft:amethyst_block":4,"minecraft:cauldron":1,"biomesoplenty:goldenrod":2,"minecraft:dark_oak_slab":1,"minecraft:stone_brick_stairs":1,"minecraft:grass":81,"biomesoplenty:clover":1,"minecraft:oak_log":140,"structure_gel:dynamic_spawner":1,"minecraft:smooth_basalt":3,"regions_unexplored:prismoss_sprout":3,"minecraft:deepslate":77,"minecraft:emerald_block":1,"minecraft:diamond_ore":2,"minecraft:crying_obsidian":2,"iceandfire:silver_ore":5,"minecraft:mossy_cobblestone":1,"minecraft:deepslate_diamond_ore":1,"born_in_chaos_v1:infected_diamond_ore":5,"minecraft:dark_oak_fence":6,"minecraft:spruce_fence":1,"minecraft:jungle_planks":2,"regions_unexplored:large_prismarite_cluster":1,"regions_unexplored:raw_redstone_block":2,"minecraft:hay_block":38,"minecraft:redstone_ore":8,"minecraft:furnace":2,"minecraft:gold_block":4,"minecraft:deepslate_iron_ore":2,"regions_unexplored:apple_oak_leaves":1,"regions_unexplored:medium_grass":1,"biomesoplenty:barley":19,"minecraft:bamboo":4,"irons_spellbooks:inscription_table":1,"minecraft:stone":226,"regions_unexplored:redstone_bulb":7,"minecraft:crafting_table":4,"minecraft:cornflower":1,"minecraft:rose_bush":1,"minecraft:tall_grass":3,"minecraft:copper_ore":9,"minecraft:lapis_ore":5,"biomesoplenty:sprout":2,"regions_unexplored:prismarite_cluster":16,"regions_unexplored:redstone_bud":1,"minecraft:coal_ore":34,"minecraft:cobweb":9,"minecraft:cracked_stone_bricks":2,"minecraft:polished_blackstone":5,"minecraft:stone_bricks":1,"minecraft:gold_ore":2,"minecraft:chipped_anvil":1},"minecraft:picked_up":{"irons_spellbooks:scroll":12,"minecraft:iron_chestplate":1,"minecraft:wheat":4,"illagerinvasion:platinum_chunk":2,"minecraft:lead":1,"minecraft:enchanted_book":9,"minecraft:potion":4,"minecraft:stone_brick_stairs":1,"minecraft:golden_sword":5,"minecraft:amethyst_block":4,"minecraft:music_disc_cat":5,"minecraft:string":10,"regions_unexplored:prismarite_cluster":15,"minecraft:raw_copper":69,"irons_spellbooks:heavy_chain_necklace":1,"minecraft:iron_leggings":5,"minecraft:experience_bottle":9,"irons_spellbooks:arcane_essence":108,"minecraft:diamond_leggings":2,"minecraft:gold_nugget":3,"minecraft:cobbled_deepslate":70,"minecraft:rose_bush":1,"minecraft:iron_pickaxe":1,"irons_spellbooks:blank_rune":2,"minecraft:enchanted_golden_apple":3,"irons_spellbooks:inscription_table":1,"minecraft:furnace":2,"minecraft:stick":12,"minecraft:torch":10,"regions_unexplored:raw_redstone_block":1,"minecraft:cauldron":1,"minecraft:stone_sword":2,"minecraft:rotten_flesh":9,"minecraft:obsidian":1,"irons_spellbooks:cooldown_ring":1,"minecraft:iron_bars":6,"minecraft:cobblestone":241,"minecraft:feather":1,"paraglider:spirit_orb":6,"minecraft:lapis_lazuli":50,"minecraft:dirt":5,"minecraft:disc_fragment_5":18,"minecraft:name_tag":2,"minecraft:bone":32,"minecraft:chipped_anvil":1,"minecraft:wheat_seeds":11,"minecraft:raw_gold":2,"minecraft:bamboo":20,"minecraft:oak_planks":11,"minecraft:music_disc_13":2,"artifacts:rooted_boots":1,"minecraft:jungle_planks":2,"minecraft:barrel":1,"minecraft:mossy_cobblestone":1,"tombstone:scroll_of_mercy":2,"minecraft:bundle":1,"minecraft:diamond":3,"minecraft:crossbow":6,"minecraft:golden_apple":1,"minecraft:emerald":11,"minecraft:oak_sapling":16,"irons_spellbooks:uncommon_ink":1,"minecraft:dark_oak_fence":5,"iceandfire:raw_silver":5,"minecraft:crafting_table":3,"born_in_chaos_v1:diamond_termite_shard":4,"minecraft:chicken":2,"minecraft:gold_block":3,"minecraft:diamond_horse_armor":1,"minecraft:chain":1,"minecraft:cornflower":2,"minecraft:compass":3,"minecraft:white_carpet":3,"minecraft:blackstone":1,"minecraft:blue_orchid":3,"minecraft:cracked_stone_bricks":1,"irons_spellbooks:conjurers_talisman":1,"minecraft:candle":1,"minecraft:music_disc_otherside":2,"minecraft:echo_shard":2,"minecraft:light_gray_wool":3,"minecraft:spruce_slab":1,"minecraft:chest":12,"minecraft:piston":2,"minecraft:diamond_hoe":2,"minecraft:raw_iron":72,"regions_unexplored:silver_birch_leaf_pile":3,"minecraft:copper_ingot":2,"minecraft:spruce_fence":1,"sophisticatedbackpacks:backpack":1,"minecraft:polished_blackstone_bricks":2,"minecraft:redstone":37,"minecraft:arrow":23,"regions_unexplored:redstone_bulb":7,"minecraft:hay_block":32,"minecraft:ward_armor_trim_smithing_template":2,"minecraft:polished_blackstone":5,"minecraft:glow_berries":54,"minecraft:mutton":8,"irons_spellbooks:ancient_knowledge_fragment":6,"minecraft:white_wool":4,"biomesoplenty:goldenrod":3,"minecraft:oak_log":113,"minecraft:chainmail_chestplate":1,"irons_spellbooks:rare_ink":2,"minecraft:cooked_mutton":1,"graveyard:small_white_urn":1,"deeperdarker:warden_upgrade_smithing_template":3,"minecraft:apple":27,"minecraft:stone_bricks":1,"tombstone:scroll_of_frost_resistance":1,"minecraft:iron_sword":3,"minecraft:book":77,"minecraft:sculk_catalyst":2,"minecraft:smooth_basalt":3,"minecraft:dark_oak_slab":1,"minecraft:emerald_block":1,"born_in_chaos_v1:ethereal_spirit":1,"minecraft:amethyst_shard":4,"minecraft:soul_torch":18,"minecraft:blast_furnace":1,"minecraft:crying_obsidian":2,"minecraft:spider_eye":4,"irons_spellbooks:poisonward_ring":1,"biomesoplenty:flowering_oak_sapling":2,"minecraft:sculk_sensor":9,"irons_spellbooks:magehunter":1,"tombstone:scroll_of_knowledge":1,"minecraft:iron_helmet":1,"tombstone:magic_scroll":1,"minecraft:coal":141}},"DataVersion":3465}