{"stats":{"minecraft:used":{"minecraft:stone_sword":1,"minecraft:stone_pickaxe":129,"minecraft:oak_planks":28,"minecraft:chest":1,"minecraft:wooden_pickaxe":12,"minecraft:iron_sword":20,"minecraft:cooked_chicken":6,"regions_unexplored:maple_planks":30,"minecraft:torch":15,"minecraft:dirt":13,"minecraft:crafting_table":6,"minecraft:oak_log":3,"minecraft:wooden_axe":71,"minecraft:apple":11,"minecraft:bread":10,"minecraft:stone_axe":143,"minecraft:bow":13,"minecraft:cobblestone":9,"minecraft:furnace":2,"minecraft:cooked_porkchop":3,"tombstone:gift":5},"minecraft:broken":{"minecraft:stone_pickaxe":1,"minecraft:leather_boots":1,"minecraft:wooden_axe":1},"minecraft:dropped":{"regions_unexplored:raw_redstone_block":1,"minecraft:wheat_seeds":1,"alexsmobs:animal_dictionary":1,"minecraft:oak_planks":3,"minecraft:stick":15,"biomesoplenty:flowering_oak_sapling":4,"minecraft:oak_sapling":8,"alexsmobs:raccoon_tail":1},"minecraft:mined":{"minecraft:tuff":2,"minecraft:stone_pressure_plate":1,"minecraft:mossy_cobblestone":8,"regions_unexplored:maple_log":10,"minecraft:brown_stained_glass_pane":2,"minecraft:stone_brick_slab":1,"minecraft:gray_stained_glass_pane":2,"minecraft:crafting_table":1,"minecraft:grass_block":2,"minecraft:spruce_fence":1,"biomesoplenty:flowering_oak_leaves":1,"minecraft:redstone_wire":2,"minecraft:tall_grass":5,"minecraft:cobblestone":12,"born_in_chaos_v1:chipped_black_argillite_brick":1,"biomesoplenty:sprout":2,"minecraft:oak_planks":5,"regions_unexplored:raw_redstone_block":2,"minecraft:spawner":6,"minecraft:large_fern":1,"minecraft:pink_petals":1,"minecraft:weeping_vines_plant":1,"graveyard:oak_coffin":1,"minecraft:furnace":2,"biomesoplenty:lavender":1,"minecraft:target":1,"minecraft:grass":15,"minecraft:oak_log":63,"minecraft:coal_ore":8,"biomesoplenty:webbing":3,"minecraft:dirt":11,"minecraft:cobweb":1,"biomesoplenty:barley":10,"regions_unexplored:medium_grass":5,"minecraft:cracked_stone_bricks":1,"minecraft:stone":77,"minecraft:stone_bricks":5,"minecraft:oak_leaves":2,"minecraft:fern":3},"minecraft:custom":{"minecraft:interact_with_furnace":10,"minecraft:mob_kills":38,"minecraft:interact_with_cartography_table":1,"minecraft:interact_with_crafting_table":12,"minecraft:open_barrel":23,"minecraft:damage_dealt_resisted":300,"minecraft:eat_cake_slice":3,"minecraft:leave_game":1,"minecraft:time_since_death":1339,"minecraft:climb_one_cm":1799,"minecraft:time_since_rest":1183,"minecraft:sprint_one_cm":268627,"minecraft:damage_taken":3813,"minecraft:walk_one_cm":187502,"minecraft:trigger_trapped_chest":1,"minecraft:drop":8,"minecraft:damage_dealt":4291,"minecraft:swim_one_cm":3757,"minecraft:talked_to_villager":2,"minecraft:fly_one_cm":193883,"minecraft:open_chest":24,"minecraft:crouch_one_cm":178,"minecraft:play_time":67087,"tombstone:undead_killed":8,"minecraft:deaths":9,"minecraft:sneak_time":227,"minecraft:walk_under_water_one_cm":4157,"minecraft:jump":1189,"minecraft:walk_on_water_one_cm":5284,"minecraft:total_world_time":67087,"minecraft:fall_one_cm":32915,"minecraft:inspect_dispenser":2},"minecraft:picked_up":{"minecraft:pink_petals":3,"born_in_chaos_v1:corpse_maggot":2,"minecraft:crafting_table":2,"minecraft:feather":2,"minecraft:chicken":6,"minecraft:leather":2,"paraglider:spirit_orb":14,"minecraft:tuff":2,"minecraft:oak_log":57,"minecraft:dirt":13,"minecraft:string":4,"minecraft:bone":8,"minecraft:apple":7,"minecraft:stone_bricks":3,"minecraft:bow":1,"minecraft:cracked_stone_bricks":1,"minecraft:wheat_seeds":4,"minecraft:redstone_torch":1,"alexsmobs:raccoon_tail":1,"minecraft:oak_planks":15,"minecraft:furnace":2,"minecraft:stick":17,"born_in_chaos_v1:shattered_skull":1,"irons_spellbooks:frozen_bone":3,"minecraft:stone_brick_slab":1,"minecraft:porkchop":3,"minecraft:target":1,"minecraft:carrot":1,"tombstone:grave_dust":3,"regions_unexplored:raw_redstone_block":1,"born_in_chaos_v1:pieceofdarkmetal":1,"minecraft:redstone":2,"minecraft:spider_eye":2,"minecraft:stone_pressure_plate":1,"minecraft:mossy_cobblestone":3,"biomesoplenty:flowering_oak_sapling":4,"minecraft:bundle":1,"minecraft:arrow":2,"minecraft:rotten_flesh":4,"born_in_chaos_v1:fire_dust":2,"regions_unexplored:maple_sapling":1,"regions_unexplored:maple_log":10,"minecraft:bread":2,"minecraft:oak_sapling":8,"minecraft:mutton":8,"minecraft:coal":8,"minecraft:white_wool":6,"minecraft:cobblestone":83},"minecraft:crafted":{"minecraft:oak_planks":92,"minecraft:cooked_porkchop":3,"minecraft:crafting_table":4,"regions_unexplored:maple_planks":40,"minecraft:wooden_pickaxe":1,"minecraft:cooked_chicken":6,"minecraft:furnace":2,"minecraft:stone":1,"minecraft:stone_axe":2,"minecraft:cooked_mutton":3,"minecraft:air":0,"minecraft:iron_pickaxe":1,"minecraft:stick":20,"tombstone:dark_marble":1,"minecraft:stone_pickaxe":1,"minecraft:wooden_axe":1,"minecraft:stone_sword":1,"minecraft:chest":1,"minecraft:torch":32},"minecraft:killed_by":{"minecraft:cave_spider":3,"minecraft:creeper":1,"minecraft:spider":1,"born_in_chaos_v1:corpse_fly":1,"born_in_chaos_v1:firelight_not_despawn":1,"minecraft:vex":2},"minecraft:killed":{"minecraft:vex":2,"minecraft:cave_spider":4,"minecraft:pig":1,"alexsmobs:raccoon":1,"born_in_chaos_v1:skeleton_thrasher_not_despawn":1,"born_in_chaos_v1:maggot":4,"minecraft:sheep":6,"minecraft:horse":3,"minecraft:skeleton":2,"minecraft:zombie":4,"minecraft:stray":1,"minecraft:chicken":6,"born_in_chaos_v1:corpse_fly":1,"born_in_chaos_v1:firelight_not_despawn":2}},"DataVersion":3465}