{"stats":{"minecraft:killed":{"born_in_chaos_v1:zombie_clown":1,"minecraft:cave_spider":6,"born_in_chaos_v1:restless_spirit":4,"born_in_chaos_v1:zombie_lumberjack":4,"minecraft:spider":12,"graveyard:wraith":10,"born_in_chaos_v1:siamese_skeletonsright":1,"born_in_chaos_v1:baby_skeleton_minion":5,"minecraft:skeleton":20,"graveyard:acolyte":1,"minecraft:chicken":11,"alexsmobs:laviathan":1,"born_in_chaos_v1:supreme_bonescaller_stage_2":1,"irons_spellbooks:archevoker":1,"minecraft:piglin_brute":4,"born_in_chaos_v1:firelight_not_despawn":5,"artifacts:mimic":1,"minecraft:magma_cube":5,"minecraft:piglin":14,"born_in_chaos_v1:bonescaller":2,"minecraft:pig":1,"born_in_chaos_v1:bone_imp":1,"minecraft:salmon":8,"alexsmobs:crimson_mosquito":7,"minecraft:sheep":8,"minecraft:pillager":15,"minecraft:zombie":24,"born_in_chaos_v1:dread_hound":3,"alexsmobs:terrapin":1,"born_in_chaos_v1:corpse_fly":9,"minecraft:stray":4,"alexsmobs:fly":1,"born_in_chaos_v1:door_knight":1,"graveyard:corrupted_pillager":4,"minecraft:blaze":12,"minecraft:vex":2,"graveyard:corrupted_vindicator":7,"alexsmobs:raccoon":2,"minecraft:vindicator":5,"born_in_chaos_v1:skeleton_thrasher_not_despawn":1,"born_in_chaos_v1:zombie_bruiser":1,"born_in_chaos_v1:maggot":14,"minecraft:horse":3,"minecraft:drowned":1,"iceandfire:deathworm":1,"born_in_chaos_v1:spiritof_chaos":1,"minecraft:husk":3,"born_in_chaos_v1:bone_imp_minion":1,"iceandfire:cyclops":1,"born_in_chaos_v1:baby_skeleton":3,"irons_spellbooks:citadel_keeper":2,"minecraft:hoglin":1,"born_in_chaos_v1:decrepit_skeleton":6,"alexsmobs:catfish":1,"alexsmobs:cockroach":1,"iceandfire:ghost":1,"born_in_chaos_v1:bonescaller_not_despawn":2,"minecraft:wither_skeleton":5},"minecraft:used":{"irons_spellbooks:inscription_table":3,"minecraft:iron_shovel":26,"minecraft:polished_deepslate":17,"minecraft:chest":1,"minecraft:shield":54,"minecraft:iron_sword":237,"minecraft:rotten_flesh":5,"minecraft:carrot":41,"minecraft:obsidian":17,"tombstone:decorative_grave_simple":2,"minecraft:lava_bucket":26,"minecraft:iron_helmet":1,"minecraft:bow":198,"minecraft:furnace":8,"minecraft:mossy_stone_bricks":50,"minecraft:stone_pickaxe":221,"minecraft:oak_planks":823,"minecraft:wooden_pickaxe":12,"minecraft:diamond_axe":584,"minecraft:golden_apple":5,"minecraft:crossbow":40,"minecraft:dark_oak_log":2,"born_in_chaos_v1:monster_flesh":2,"minecraft:bread":79,"minecraft:gravel":24,"minecraft:diamond_sword":126,"minecraft:chainmail_boots":1,"minecraft:smithing_table":1,"minecraft:grindstone":1,"minecraft:andesite":75,"minecraft:bone_meal":21,"minecraft:oak_trapdoor":2,"sophisticatedbackpacks:iron_backpack":1,"minecraft:iron_bars":3,"minecraft:stone_sword":1,"minecraft:flint_and_steel":1,"minecraft:cracked_deepslate_bricks":1,"wares:cardboard_box":4,"tombstone:grave_plate":1,"minecraft:spruce_planks":50,"securitycraft:bucket_f_lava":27,"tombstone:fishing_rod_of_misadventure":3,"minecraft:netherrack":101,"minecraft:cooked_salmon":1,"minecraft:cooked_chicken":9,"regions_unexplored:maple_planks":30,"minecraft:torch":154,"minecraft:brewing_stand":3,"minecraft:dirt":35,"minecraft:wooden_axe":71,"minecraft:dark_oak_planks":24,"tombstone:ankh_of_pray":4,"minecraft:iron_axe":296,"minecraft:rooted_dirt":11,"minecraft:brick_stairs":1,"minecraft:iron_boots":1,"minecraft:crimson_planks":1,"alexscaves:spelunkery_table":1,"minecraft:golden_carrot":32,"tombstone:gift":12,"minecraft:cooked_beef":11,"minecraft:cobbled_deepslate":23,"minecraft:cherry_log":2,"minecraft:golden_axe":33,"minecraft:cooked_mutton":14,"alexsmobs:cooked_catfish":1,"minecraft:water_bucket":33,"tombstone:scroll_of_reach":1,"minecraft:birch_planks":6,"minecraft:glass_bottle":3,"minecraft:baked_potato":24,"minecraft:leather_boots":1,"graveyard:ossuary":1,"minecraft:polished_blackstone_bricks":68,"minecraft:tnt":1,"minecraft:crafting_table":26,"tombstone:tablet_of_home":2,"minecraft:cake":1,"minecraft:oak_log":6,"tombstone:bag_of_seeds":1,"minecraft:diamond_pickaxe":760,"minecraft:apple":41,"minecraft:cracked_polished_blackstone_bricks":6,"minecraft:iron_pickaxe":153,"tombstone:magic_scroll":1,"minecraft:leather_helmet":1,"securitycraft:bucket_f_water":109,"biomesoplenty:toadstool":3,"minecraft:golden_leggings":1,"irons_spellbooks:scroll_forge":4,"minecraft:stone_axe":143,"minecraft:cobblestone":198,"minecraft:potion":3,"minecraft:white_banner":1,"minecraft:cooked_porkchop":48,"minecraft:bucket":202,"minecraft:stripped_oak_log":1,"minecraft:chainmail_leggings":1},"minecraft:custom":{"minecraft:interact_with_crafting_table":109,"minecraft:open_barrel":107,"minecraft:bell_ring":3,"minecraft:eat_cake_slice":10,"minecraft:leave_game":19,"minecraft:time_since_death":10793,"minecraft:sprint_one_cm":2192546,"minecraft:damage_blocked_by_shield":1835,"minecraft:drop":139,"minecraft:talked_to_villager":25,"minecraft:play_time":836291,"minecraft:deaths":93,"minecraft:jump":9902,"minecraft:interact_with_brewingstand":15,"minecraft:walk_on_water_one_cm":68238,"minecraft:interact_with_furnace":65,"minecraft:traded_with_villager":4,"minecraft:interact_with_cartography_table":3,"minecraft:interact_with_loom":6,"minecraft:waystone_activated":1,"minecraft:open_enderchest":1,"minecraft:damage_dealt":50695,"minecraft:crouch_one_cm":59836,"tombstone:undead_killed":98,"minecraft:inspect_dispenser":2,"minecraft:interact_with_smithing_table":7,"minecraft:interact_with_anvil":3,"minecraft:mob_kills":301,"minecraft:damage_dealt_resisted":2356,"minecraft:climb_one_cm":36588,"minecraft:walk_one_cm":2084953,"minecraft:damage_dealt_absorbed":80,"minecraft:sneak_time":33522,"minecraft:walk_under_water_one_cm":75267,"minecraft:interact_with_lectern":3,"minecraft:total_world_time":836291,"wares:sealed_letters_opened":1,"tombstone:raider_killed":20,"minecraft:tune_noteblock":1,"minecraft:interact_with_grindstone":2,"tombstone:pray_on_grave":1,"minecraft:time_since_rest":10483,"minecraft:damage_taken":2147483647,"minecraft:damage_absorbed":387,"minecraft:trigger_trapped_chest":1,"tombstone:cast_on_ally":0,"minecraft:swim_one_cm":62460,"minecraft:fly_one_cm":1601780,"minecraft:open_chest":231,"minecraft:fish_caught":1,"minecraft:fall_one_cm":313858},"minecraft:dropped":{"minecraft:moss_block":1,"minecraft:oak_log":1,"minecraft:glass_bottle":1,"minecraft:cooked_porkchop":4,"minecraft:pitcher_pod":3,"minecraft:lantern":1,"minecraft:leather":5,"minecraft:cracked_stone_bricks":1,"born_in_chaos_v1:pieceofdarkmetal":5,"minecraft:dirt":8,"irons_spellbooks:cinder_essence":2,"biomesoplenty:flowering_oak_sapling":4,"minecraft:chain":1,"minecraft:gold_nugget":36,"minecraft:sugar":4,"alexsmobs:raccoon_tail":1,"minecraft:bone":4,"minecraft:armor_stand":1,"minecraft:polished_blackstone_wall":1,"regions_unexplored:raw_redstone_block":1,"minecraft:blackstone":5,"minecraft:iron_nugget":34,"alexsmobs:animal_dictionary":1,"minecraft:birch_sapling":2,"minecraft:oak_planks":4,"minecraft:rotten_flesh":16,"regions_unexplored:mycotoxic_grass":24,"alexsmobs:blood_sac":4,"minecraft:tipped_arrow":1,"minecraft:gunpowder":2,"born_in_chaos_v1:chipped_black_argillite_brick":1,"born_in_chaos_v1:corpse_maggot":5,"minecraft:leather_boots":1,"minecraft:basalt":1,"minecraft:iron_bars":1,"iceandfire:deathworm_chitin_yellow":2,"biomesoplenty:flesh":1,"born_in_chaos_v1:marigolds":1,"minecraft:netherrack":1,"minecraft:oak_slab":3,"minecraft:wheat_seeds":5,"born_in_chaos_v1:intoxicating_decoction":3,"born_in_chaos_v1:shattered_skull":1,"minecraft:oak_fence":1,"minecraft:cobblestone":4,"minecraft:acacia_log":1,"minecraft:stick":42,"irons_spellbooks:scroll":1,"illagerinvasion:platinum_chunk":2,"minecraft:potion":1,"minecraft:paper":4,"minecraft:string":28,"minecraft:redstone":1,"minecraft:moss_carpet":3,"minecraft:oak_trapdoor":5,"regions_unexplored:cobalt_earlight":2,"minecraft:cocoa_beans":2,"born_in_chaos_v1:black_argillite_button":1,"minecraft:iron_boots":1,"sophisticatedbackpacks:backpack":1,"minecraft:torchflower_seeds":2,"minecraft:shield":1,"minecraft:stone":3,"minecraft:peony":3,"minecraft:iron_chestplate":2,"minecraft:spruce_planks":4,"minecraft:oak_sapling":9,"minecraft:redstone_torch":4,"minecraft:stone_bricks":6,"irons_spellbooks:iron_spell_book":1,"minecraft:bow":2,"minecraft:magma_block":1,"regions_unexplored:cobalt_roots":20},"minecraft:killed_by":{"iceandfire:cyclops":3,"born_in_chaos_v1:nightmare_stalker":1,"minecraft:piglin_brute":5,"minecraft:creeper":1,"born_in_chaos_v1:zombie_bruiser":2,"born_in_chaos_v1:corpse_fly":1,"born_in_chaos_v1:bone_imp_minion":1,"graveyard:acolyte":1,"minecraft:magma_cube":2,"minecraft:vindicator":6,"irons_spellbooks:citadel_keeper":3,"minecraft:piglin":1,"minecraft:cave_spider":3,"born_in_chaos_v1:supreme_bonescaller_not_despawn":1,"minecraft:blaze":1,"minecraft:zombie":1,"alexsmobs:grizzly_bear":1,"graveyard:wraith":4,"born_in_chaos_v1:bonescaller_not_despawn":1,"born_in_chaos_v1:firelight_not_despawn":1,"minecraft:vex":3,"minecraft:husk":1,"minecraft:player":1,"bosses_of_mass_destruction:gauntlet":4,"minecraft:stray":1,"minecraft:spider":1,"alexsmobs:tiger":2,"mowziesmobs:ferrous_wroughtnaut":18,"iceandfire:gorgon":3,"minecraft:skeleton":3,"iceandfire:lightning_dragon":2,"alexsmobs:crimson_mosquito":1,"irons_spellbooks:archevoker":1,"graveyard:corrupted_vindicator":1},"minecraft:mined":{"minecraft:dead_horn_coral_fan":1,"minecraft:blue_carpet":1,"minecraft:stone_pressure_plate":1,"minecraft:spruce_planks":9,"minecraft:cobbled_deepslate_stairs":1,"regions_unexplored:maple_log":10,"irons_spellbooks:armor_pile":7,"minecraft:obsidian":8,"minecraft:brewing_stand":3,"minecraft:chiseled_polished_blackstone":1,"minecraft:grass_block":8,"minecraft:cracked_polished_blackstone_bricks":12,"biomesoplenty:flowering_oak_leaves":1,"graveyard:dark_iron_door":2,"minecraft:deepslate_bricks":2,"minecraft:coal_block":2,"minecraft:nether_wart":2,"minecraft:gilded_blackstone":1,"minecraft:spawner":26,"biomesoplenty:blackstone_bulb":3,"minecraft:polished_blackstone_bricks":90,"irons_spellbooks:scroll_forge":4,"minecraft:smooth_stone":1,"graveyard:wither_skull_with_rib_cage":1,"minecraft:weeping_vines_plant":1,"minecraft:magma_block":15,"minecraft:glowstone":15,"minecraft:cobbled_deepslate":9,"born_in_chaos_v1:black_argillite_brick_slab":6,"minecraft:iron_ore":10,"minecraft:barrel":1,"minecraft:fire":27,"biomesoplenty:lavender":1,"minecraft:target":1,"graveyard:ossuary":1,"minecraft:pumpkin":5,"minecraft:enchanting_table":1,"biomesoplenty:webbing":3,"minecraft:iron_bars":7,"minecraft:purple_carpet":1,"minecraft:deepslate_brick_stairs":2,"minecraft:white_banner":1,"minecraft:iron_block":2,"minecraft:netherite_block":1,"minecraft:polished_blackstone_wall":1,"minecraft:blackstone":13,"graveyard:dark_iron_trapdoor":2,"biomesoplenty:blackstone_spines":1,"minecraft:torch":6,"minecraft:poppy":1,"minecraft:dead_bush":2,"minecraft:nether_quartz_ore":8,"minecraft:cobblestone":48,"graveyard:skeleton_hand":2,"graveyard:lying_skeleton":2,"minecraft:sugar_cane":5,"minecraft:oak_planks":66,"minecraft:wall_torch":5,"minecraft:pink_petals":1,"minecraft:chain":1,"graveyard:oak_coffin":1,"graveyard:wither_skeleton_hand":1,"minecraft:nether_wart_block":8,"minecraft:light_gray_stained_glass":2,"minecraft:birch_log":3,"minecraft:lilac":1,"minecraft:tnt":4,"graveyard:skull_pile":1,"graveyard:tg_tuff":1,"minecraft:stone_brick_stairs":1,"minecraft:grass":26,"minecraft:cracked_deepslate_tiles":1,"graveyard:creeper_skeleton":1,"minecraft:oak_log":251,"minecraft:dirt":14,"minecraft:crimson_planks":2,"tombstone:decorative_grave_simple":1,"minecraft:wither_skeleton_skull":1,"minecraft:netherrack":162,"minecraft:oak_leaves":3,"regions_unexplored:mycotoxic_grass":6,"minecraft:deepslate":54,"alexscaves:spelunkery_table":2,"minecraft:crying_obsidian":3,"minecraft:tuff":2,"minecraft:mossy_cobblestone":16,"minecraft:deepslate_diamond_ore":7,"minecraft:dark_oak_log":8,"minecraft:gray_stained_glass_pane":2,"minecraft:glow_lichen":1,"minecraft:nether_bricks":10,"minecraft:dark_oak_fence":1,"minecraft:cobbled_deepslate_slab":2,"minecraft:spruce_fence":1,"graveyard:tg_deepslate":1,"minecraft:white_stained_glass":1,"minecraft:redstone_wire":2,"minecraft:moss_block":1,"regions_unexplored:raw_redstone_block":2,"minecraft:rooted_dirt":11,"minecraft:large_fern":1,"minecraft:hay_block":20,"minecraft:oak_trapdoor":2,"minecraft:furnace":4,"biomesoplenty:toadstool":3,"graveyard:tg_andesite":1,"minecraft:andesite":81,"minecraft:diamond_block":1,"biomesoplenty:flesh":4,"minecraft:gold_block":23,"minecraft:bookshelf":1,"minecraft:vine":1,"minecraft:rail":1,"minecraft:stripped_oak_log":1,"bosses_of_mass_destruction:gauntlet_blackstone":1,"biomesoplenty:barley":12,"regions_unexplored:medium_grass":10,"irons_spellbooks:inscription_table":4,"minecraft:stone":335,"minecraft:brown_stained_glass_pane":2,"minecraft:stone_brick_slab":1,"minecraft:basalt":8,"regions_unexplored:mycotoxic_moss":1,"minecraft:crafting_table":1,"minecraft:copper_ore":2,"minecraft:tall_grass":14,"born_in_chaos_v1:chipped_black_argillite_brick":8,"biomesoplenty:sprout":3,"minecraft:polished_blackstone_brick_stairs":2,"minecraft:cracked_deepslate_bricks":1,"minecraft:coarse_dirt":2,"minecraft:cobblestone_wall":1,"minecraft:spruce_log":15,"minecraft:birch_leaves":4,"regions_unexplored:sandy_grass":2,"graveyard:dark_iron_bars":2,"minecraft:coal_ore":8,"minecraft:gravel":26,"graveyard:leaning_skeleton":1,"minecraft:gray_carpet":2,"minecraft:cobweb":35,"minecraft:cracked_stone_bricks":3,"minecraft:polished_blackstone":2,"minecraft:stone_bricks":12,"minecraft:mossy_stone_bricks":13,"minecraft:fern":6},"minecraft:crafted":{"minecraft:oak_planks":904,"regions_unexplored:maple_planks":40,"irons_spellbooks:iron_spell_book":1,"minecraft:blaze_powder":2,"minecraft:cooked_chicken":11,"minecraft:chain":3,"plenty_of_golems:golems_staff":1,"irons_spellbooks:divine_pearl":1,"minecraft:stone":8,"minecraft:cooked_mutton":14,"minecraft:iron_boots":1,"minecraft:chest":1,"alexsmobs:cooked_catfish":1,"minecraft:oak_fence":3,"minecraft:golden_boots":1,"minecraft:golden_axe":2,"minecraft:oak_slab":6,"minecraft:cooked_porkchop":10,"minecraft:diamond_axe":1,"minecraft:crafting_table":24,"minecraft:spruce_planks":64,"minecraft:wooden_pickaxe":1,"minecraft:baked_potato":24,"minecraft:iron_helmet":1,"tombstone:decorative_grave_simple":1,"minecraft:smithing_table":1,"minecraft:red_wool":1,"minecraft:brewing_stand":2,"minecraft:birch_planks":12,"minecraft:iron_chestplate":3,"minecraft:paper":9,"minecraft:diamond_pickaxe":2,"minecraft:golden_leggings":1,"minecraft:shield":1,"sophisticatedbackpacks:diamond_backpack":1,"minecraft:stick":60,"minecraft:iron_ingot":48,"minecraft:iron_pickaxe":1,"minecraft:stone_sword":1,"minecraft:netherite_ingot":9,"sophisticatedbackpacks:netherite_backpack":1,"irons_spellbooks:magic_cloth":8,"tombstone:fishing_rod_of_misadventure":1,"minecraft:coal":18,"minecraft:iron_nugget":9,"minecraft:furnace":4,"minecraft:bone_meal":12,"irons_spellbooks:lightning_bottle":3,"alexscaves:cave_map":1,"minecraft:flint_and_steel":1,"irons_spellbooks:scroll_forge":1,"minecraft:diamond":9,"minecraft:polished_deepslate":20,"minecraft:iron_axe":1,"minecraft:stone_pickaxe":1,"minecraft:dark_oak_planks":24,"sophisticatedbackpacks:iron_backpack":1,"minecraft:wheat":216,"minecraft:cooked_beef":8,"minecraft:sugar":3,"minecraft:red_dye":1,"irons_spellbooks:netherite_mage_helmet":1,"graveyard:ossuary":1,"minecraft:cooked_salmon":8,"tombstone:ankh_of_pray":1,"sophisticatedbackpacks:gold_backpack":2,"minecraft:bucket":9,"minecraft:stone_axe":2,"minecraft:bread":91,"minecraft:air":0,"minecraft:potion":1,"tombstone:grave_plate":1,"minecraft:fermented_spider_eye":1,"tombstone:dark_marble":3,"minecraft:wooden_axe":1,"minecraft:iron_leggings":3,"irons_spellbooks:inscription_table":1,"minecraft:acacia_planks":4,"irons_spellbooks:wandering_magician_boots":1,"minecraft:torch":112},"minecraft:picked_up":{"irons_spellbooks:scroll":2,"minecraft:iron_chestplate":2,"illagerinvasion:platinum_chunk":7,"regions_unexplored:cobalt_earlight":2,"minecraft:potion":2,"minecraft:gilded_blackstone":1,"minecraft:crimson_planks":1,"minecraft:brewing_stand":3,"minecraft:polished_blackstone_brick_stairs":2,"minecraft:string":62,"minecraft:raw_copper":5,"minecraft:armor_stand":1,"alexsmobs:blood_sac":4,"irons_spellbooks:arcane_essence":10,"minecraft:diamond_leggings":1,"minecraft:gold_nugget":18,"minecraft:cobbled_deepslate":49,"bosses_of_mass_destruction:soul_star":1,"minecraft:spruce_planks":8,"minecraft:redstone_torch":4,"alexsmobs:raccoon_tail":1,"minecraft:coal_block":2,"irons_spellbooks:inscription_table":4,"minecraft:furnace":4,"minecraft:stick":42,"minecraft:tipped_arrow":1,"born_in_chaos_v1:shattered_skull":4,"minecraft:torch":20,"minecraft:acacia_log":2,"minecraft:porkchop":3,"minecraft:target":1,"minecraft:golden_axe":1,"minecraft:cherry_log":2,"regions_unexplored:raw_redstone_block":1,"tombstone:grave_dust":35,"irons_spellbooks:fire_rune":1,"graveyard:dark_iron_trapdoor":1,"minecraft:rotten_flesh":49,"iceandfire:deathworm_chitin_yellow":2,"minecraft:iron_block":2,"minecraft:cod":1,"minecraft:blaze_rod":5,"minecraft:deepslate_brick_stairs":1,"minecraft:obsidian":8,"minecraft:iron_bars":6,"minecraft:cobblestone":359,"minecraft:birch_log":3,"minecraft:enchanting_table":1,"minecraft:pink_petals":3,"minecraft:magma_block":13,"minecraft:feather":7,"born_in_chaos_v1:spiritual_dust":5,"minecraft:andesite":66,"paraglider:spirit_orb":46,"minecraft:flint":2,"minecraft:tuff":2,"born_in_chaos_v1:black_argillite_button":1,"graveyard:dark_iron_door":2,"minecraft:wither_skeleton_skull":1,"minecraft:dirt":43,"artifacts:flippers":1,"minecraft:lantern":1,"regions_unexplored:cobalt_roots":20,"born_in_chaos_v1:marigolds":1,"minecraft:purple_carpet":1,"minecraft:bone":87,"minecraft:leather_boots":3,"irons_spellbooks:iron_spell_book":1,"minecraft:bow":2,"minecraft:wheat_seeds":18,"minecraft:cobbled_deepslate_slab":2,"minecraft:grindstone":1,"minecraft:mossy_stone_bricks":10,"minecraft:glowstone_dust":42,"minecraft:moss_block":1,"minecraft:pitcher_pod":3,"minecraft:oak_planks":89,"biomesoplenty:toadstool":3,"irons_spellbooks:frozen_bone":14,"minecraft:chiseled_polished_blackstone":1,"minecraft:cooked_porkchop":4,"irons_spellbooks:legendary_ink":2,"minecraft:diamond_block":1,"minecraft:dark_oak_log":8,"minecraft:mossy_cobblestone":3,"minecraft:netherite_block":1,"minecraft:bundle":3,"minecraft:sugar":2,"born_in_chaos_v1:fire_dust":3,"minecraft:diamond":7,"minecraft:cracked_polished_blackstone_bricks":9,"minecraft:crossbow":1,"minecraft:spruce_sign":2,"iceandfire:gorgon_head":1,"minecraft:bread":2,"minecraft:emerald":15,"alexsmobs:maggot":2,"minecraft:rooted_dirt":11,"minecraft:oak_sapling":22,"irons_spellbooks:uncommon_ink":1,"minecraft:netherrack":162,"minecraft:cocoa_beans":2,"minecraft:crafting_table":2,"regions_unexplored:mycotoxic_grass":24,"minecraft:chicken":11,"iceandfire:witherbone":1,"minecraft:nether_wart":5,"born_in_chaos_v1:seedof_chaos":8,"biomesoplenty:flesh":3,"minecraft:gold_block":23,"minecraft:chain":3,"minecraft:oak_trapdoor":8,"minecraft:moss_carpet":3,"minecraft:netherite_scrap":3,"born_in_chaos_v1:intoxicating_decoction":3,"minecraft:polished_blackstone_wall":1,"minecraft:iron_shovel":1,"minecraft:blackstone":13,"graveyard:corruption":26,"minecraft:cracked_stone_bricks":2,"minecraft:beef":8,"irons_spellbooks:epic_ink":1,"minecraft:iron_nugget":129,"minecraft:poppy":1,"irons_spellbooks:lightning_bottle":2,"minecraft:birch_sapling":2,"minecraft:sugar_cane":13,"minecraft:raw_iron":10,"minecraft:stone":3,"sophisticatedbackpacks:backpack":1,"minecraft:polished_blackstone_bricks":83,"minecraft:stone_button":2,"graveyard:dark_iron_bars":2,"born_in_chaos_v1:pieceofdarkmetal":12,"minecraft:carrot":1,"minecraft:redstone":3,"minecraft:blue_carpet":1,"minecraft:stone_pressure_plate":1,"irons_spellbooks:evocation_rune":1,"minecraft:tnt":4,"minecraft:arrow":74,"iceandfire:cyclops_eye":1,"regions_unexplored:maple_sapling":1,"minecraft:peony":2,"minecraft:diamond_boots":1,"minecraft:deepslate_bricks":2,"minecraft:hay_block":21,"alexscaves:spelunkery_table":2,"minecraft:cracked_deepslate_bricks":1,"tombstone:essence_of_undeath":1,"minecraft:polished_blackstone":1,"minecraft:brick_stairs":1,"minecraft:mutton":16,"minecraft:white_wool":15,"minecraft:rail":2,"minecraft:cracked_deepslate_tiles":1,"minecraft:stripped_oak_log":1,"born_in_chaos_v1:corpse_maggot":7,"minecraft:golden_carrot":1,"minecraft:basalt":5,"born_in_chaos_v1:monster_flesh":3,"minecraft:glow_ink_sac":2,"minecraft:salmon":8,"minecraft:leather":7,"minecraft:oak_log":246,"minecraft:chainmail_chestplate":1,"minecraft:nether_wart_block":8,"minecraft:gunpowder":2,"regions_unexplored:tassel":1,"minecraft:paper":19,"minecraft:white_banner":1,"irons_spellbooks:rare_ink":1,"irons_spellbooks:common_ink":1,"minecraft:apple":30,"minecraft:stone_bricks":9,"minecraft:gray_carpet":2,"minecraft:iron_ingot":12,"born_in_chaos_v1:chipped_black_argillite_brick":1,"tombstone:bag_of_seeds":2,"irons_spellbooks:cinder_essence":3,"minecraft:iron_sword":1,"minecraft:book":3,"minecraft:pumpkin":2,"minecraft:quartz":8,"born_in_chaos_v1:orbofthe_summoner":1,"born_in_chaos_v1:lifestealer_bone":3,"minecraft:stone_brick_slab":1,"born_in_chaos_v1:ethereal_spirit":7,"graveyard:ossuary":1,"minecraft:torchflower_seeds":2,"minecraft:gravel":26,"minecraft:spruce_sapling":7,"tombstone:decorative_grave_simple":1,"minecraft:spruce_log":16,"irons_spellbooks:scroll_forge":4,"minecraft:crying_obsidian":3,"minecraft:spider_eye":9,"biomesoplenty:flowering_oak_sapling":5,"alexsmobs:raw_catfish":1,"minecraft:iron_helmet":2,"regions_unexplored:maple_log":10,"tombstone:magic_scroll":3,"minecraft:coal":8,"minecraft:ender_pearl":12},"minecraft:broken":{"minecraft:leather_leggings":1,"minecraft:iron_boots":1,"minecraft:iron_chestplate":3,"minecraft:iron_leggings":1,"minecraft:golden_leggings":1,"minecraft:stone_pickaxe":1,"irons_spellbooks:wandering_magician_boots":1,"minecraft:iron_sword":1,"minecraft:wooden_axe":1,"minecraft:leather_helmet":1,"minecraft:chainmail_helmet":2,"minecraft:golden_axe":2,"minecraft:iron_axe":1,"minecraft:leather_boots":1,"minecraft:iron_helmet":2}},"DataVersion":3465}