{"stats":{"minecraft:used":{"minecraft:stone_sword":1,"minecraft:chest":1,"minecraft:shield":3,"minecraft:iron_sword":99,"minecraft:cooked_chicken":6,"regions_unexplored:maple_planks":30,"minecraft:torch":20,"minecraft:dirt":13,"minecraft:wooden_axe":71,"minecraft:iron_axe":13,"minecraft:bow":13,"minecraft:furnace":4,"tombstone:gift":6,"minecraft:cooked_mutton":3,"tombstone:scroll_of_reach":1,"minecraft:stone_pickaxe":129,"minecraft:oak_planks":44,"minecraft:wooden_pickaxe":12,"minecraft:crafting_table":8,"minecraft:cake":1,"minecraft:oak_log":3,"minecraft:apple":11,"minecraft:bread":19,"minecraft:iron_pickaxe":17,"minecraft:stone_axe":143,"minecraft:cobblestone":9,"minecraft:potion":1,"minecraft:cooked_porkchop":3,"minecraft:bucket":3},"minecraft:broken":{"minecraft:stone_pickaxe":1,"minecraft:leather_boots":1,"minecraft:wooden_axe":1},"minecraft:dropped":{"minecraft:wheat_seeds":1,"minecraft:glass_bottle":1,"born_in_chaos_v1:pieceofdarkmetal":1,"minecraft:stick":15,"biomesoplenty:flowering_oak_sapling":4,"minecraft:chain":1,"minecraft:string":4,"alexsmobs:raccoon_tail":1,"regions_unexplored:raw_redstone_block":1,"alexsmobs:animal_dictionary":1,"minecraft:oak_planks":3,"minecraft:tipped_arrow":1,"minecraft:oak_sapling":8,"minecraft:bow":1},"minecraft:mined":{"minecraft:tuff":2,"minecraft:stone_pressure_plate":1,"minecraft:mossy_cobblestone":8,"regions_unexplored:maple_log":10,"minecraft:brewing_stand":1,"minecraft:gray_stained_glass_pane":2,"minecraft:grass_block":2,"minecraft:spruce_fence":1,"minecraft:white_stained_glass":1,"biomesoplenty:flowering_oak_leaves":1,"minecraft:redstone_wire":2,"minecraft:coal_block":2,"regions_unexplored:raw_redstone_block":2,"minecraft:spawner":10,"minecraft:large_fern":1,"minecraft:weeping_vines_plant":1,"minecraft:furnace":2,"born_in_chaos_v1:black_argillite_brick_slab":3,"biomesoplenty:lavender":1,"minecraft:target":1,"biomesoplenty:webbing":3,"biomesoplenty:barley":10,"regions_unexplored:medium_grass":5,"minecraft:stone":77,"minecraft:iron_block":2,"minecraft:brown_stained_glass_pane":2,"minecraft:stone_brick_slab":1,"minecraft:crafting_table":1,"minecraft:tall_grass":5,"minecraft:cobblestone":12,"born_in_chaos_v1:chipped_black_argillite_brick":5,"biomesoplenty:sprout":2,"minecraft:oak_planks":12,"minecraft:pink_petals":1,"minecraft:chain":1,"graveyard:oak_coffin":1,"minecraft:lilac":1,"minecraft:grass":15,"minecraft:coal_ore":8,"minecraft:oak_log":63,"minecraft:dirt":11,"minecraft:cobweb":1,"minecraft:cracked_stone_bricks":1,"minecraft:stone_bricks":5,"minecraft:oak_leaves":2,"minecraft:fern":3},"minecraft:custom":{"minecraft:interact_with_smithing_table":1,"minecraft:mob_kills":54,"minecraft:interact_with_crafting_table":24,"minecraft:open_barrel":34,"minecraft:damage_dealt_resisted":718,"minecraft:eat_cake_slice":6,"minecraft:leave_game":1,"minecraft:time_since_death":10315,"minecraft:climb_one_cm":6893,"minecraft:sprint_one_cm":347697,"minecraft:walk_one_cm":358690,"minecraft:damage_blocked_by_shield":130,"minecraft:drop":14,"minecraft:talked_to_villager":2,"minecraft:play_time":103087,"minecraft:deaths":16,"minecraft:sneak_time":256,"minecraft:walk_under_water_one_cm":4157,"minecraft:jump":1404,"minecraft:interact_with_brewingstand":5,"minecraft:walk_on_water_one_cm":6477,"minecraft:total_world_time":103087,"minecraft:interact_with_furnace":17,"minecraft:interact_with_cartography_table":1,"minecraft:time_since_rest":10061,"minecraft:damage_taken":6458,"minecraft:trigger_trapped_chest":1,"minecraft:damage_dealt":6872,"tombstone:cast_on_ally":0,"minecraft:fly_one_cm":221241,"minecraft:swim_one_cm":3757,"minecraft:open_chest":42,"minecraft:crouch_one_cm":293,"tombstone:undead_killed":23,"minecraft:fall_one_cm":35857,"minecraft:inspect_dispenser":2},"minecraft:picked_up":{"minecraft:iron_chestplate":1,"minecraft:crafting_table":2,"minecraft:chicken":6,"minecraft:potion":2,"minecraft:chain":1,"minecraft:brewing_stand":1,"minecraft:string":4,"minecraft:cracked_stone_bricks":1,"minecraft:redstone_torch":1,"alexsmobs:raccoon_tail":1,"minecraft:coal_block":2,"minecraft:furnace":2,"minecraft:tipped_arrow":1,"minecraft:stick":17,"born_in_chaos_v1:shattered_skull":1,"minecraft:torch":3,"minecraft:porkchop":3,"minecraft:target":1,"tombstone:grave_dust":3,"regions_unexplored:raw_redstone_block":1,"born_in_chaos_v1:pieceofdarkmetal":2,"minecraft:carrot":1,"minecraft:redstone":2,"minecraft:stone_pressure_plate":1,"minecraft:arrow":11,"minecraft:rotten_flesh":4,"regions_unexplored:maple_sapling":1,"minecraft:iron_block":2,"tombstone:essence_of_undeath":1,"minecraft:mutton":8,"minecraft:white_wool":6,"minecraft:cobblestone":83,"born_in_chaos_v1:corpse_maggot":2,"minecraft:pink_petals":3,"minecraft:feather":2,"minecraft:leather":2,"paraglider:spirit_orb":20,"minecraft:tuff":2,"minecraft:oak_log":57,"minecraft:dirt":13,"minecraft:bone":23,"minecraft:apple":7,"minecraft:stone_bricks":3,"minecraft:bow":2,"minecraft:wheat_seeds":4,"tombstone:bag_of_seeds":1,"minecraft:iron_sword":1,"minecraft:oak_planks":22,"irons_spellbooks:frozen_bone":14,"minecraft:stone_brick_slab":1,"minecraft:spider_eye":2,"minecraft:mossy_cobblestone":3,"biomesoplenty:flowering_oak_sapling":4,"minecraft:bundle":1,"born_in_chaos_v1:fire_dust":2,"regions_unexplored:maple_log":10,"minecraft:bread":2,"alexsmobs:maggot":2,"minecraft:oak_sapling":8,"minecraft:coal":8},"minecraft:crafted":{"minecraft:oak_planks":96,"minecraft:coal":18,"regions_unexplored:maple_planks":40,"minecraft:cooked_chicken":6,"minecraft:furnace":2,"minecraft:stone":3,"minecraft:cooked_mutton":3,"minecraft:stone_pickaxe":1,"minecraft:chest":1,"minecraft:cooked_porkchop":3,"minecraft:crafting_table":6,"minecraft:wooden_pickaxe":1,"minecraft:baked_potato":14,"tombstone:decorative_grave_simple":1,"minecraft:bucket":3,"minecraft:stone_axe":2,"minecraft:bread":10,"minecraft:air":0,"minecraft:iron_chestplate":1,"minecraft:shield":1,"minecraft:stick":32,"minecraft:iron_ingot":18,"tombstone:dark_marble":3,"minecraft:iron_pickaxe":1,"minecraft:wooden_axe":1,"minecraft:stone_sword":1,"minecraft:iron_leggings":1,"minecraft:torch":84},"minecraft:killed":{"minecraft:vex":2,"minecraft:cave_spider":4,"alexsmobs:raccoon":1,"born_in_chaos_v1:skeleton_thrasher_not_despawn":1,"born_in_chaos_v1:baby_skeleton_minion":5,"born_in_chaos_v1:maggot":4,"minecraft:horse":3,"minecraft:skeleton":6,"minecraft:chicken":6,"born_in_chaos_v1:firelight_not_despawn":2,"minecraft:husk":1,"minecraft:pig":1,"minecraft:sheep":6,"minecraft:zombie":4,"born_in_chaos_v1:corpse_fly":1,"born_in_chaos_v1:bonescaller_not_despawn":2,"minecraft:stray":4,"alexsmobs:fly":1},"minecraft:killed_by":{"minecraft:husk":1,"minecraft:stray":1,"minecraft:creeper":1,"minecraft:spider":1,"born_in_chaos_v1:bone_imp_minion":1,"born_in_chaos_v1:corpse_fly":1,"minecraft:cave_spider":3,"minecraft:skeleton":2,"born_in_chaos_v1:supreme_bonescaller_not_despawn":1,"born_in_chaos_v1:bonescaller_not_despawn":1,"born_in_chaos_v1:firelight_not_despawn":1,"minecraft:vex":2}},"DataVersion":3465}