{"stats":{"minecraft:used":{"minecraft:iron_shovel":26,"minecraft:chest":1,"minecraft:shield":16,"minecraft:iron_sword":237,"minecraft:carrot":16,"tombstone:decorative_grave_simple":1,"minecraft:lava_bucket":21,"minecraft:iron_helmet":1,"minecraft:bow":64,"minecraft:furnace":5,"minecraft:stone_pickaxe":129,"minecraft:oak_planks":462,"minecraft:wooden_pickaxe":12,"minecraft:diamond_axe":122,"minecraft:bread":60,"minecraft:gravel":24,"minecraft:bone_meal":9,"minecraft:iron_bars":1,"minecraft:stone_sword":1,"minecraft:flint_and_steel":1,"wares:cardboard_box":4,"tombstone:grave_plate":1,"securitycraft:bucket_f_lava":3,"minecraft:cooked_chicken":6,"minecraft:netherrack":3,"regions_unexplored:maple_planks":30,"minecraft:torch":37,"minecraft:brewing_stand":3,"minecraft:dirt":27,"minecraft:wooden_axe":71,"tombstone:ankh_of_pray":4,"minecraft:iron_axe":296,"minecraft:rooted_dirt":7,"minecraft:iron_boots":1,"minecraft:crimson_planks":1,"minecraft:golden_carrot":13,"tombstone:gift":10,"minecraft:golden_axe":33,"minecraft:cooked_mutton":8,"minecraft:water_bucket":32,"tombstone:scroll_of_reach":1,"minecraft:birch_planks":6,"minecraft:glass_bottle":3,"minecraft:baked_potato":14,"minecraft:leather_boots":1,"minecraft:polished_blackstone_bricks":1,"minecraft:crafting_table":19,"minecraft:cake":1,"tombstone:bag_of_seeds":1,"minecraft:oak_log":3,"minecraft:diamond_pickaxe":35,"minecraft:apple":33,"minecraft:iron_pickaxe":153,"minecraft:leather_helmet":1,"securitycraft:bucket_f_water":21,"biomesoplenty:toadstool":3,"minecraft:golden_leggings":1,"minecraft:stone_axe":143,"minecraft:cobblestone":52,"minecraft:potion":3,"minecraft:cooked_porkchop":3,"minecraft:bucket":83},"minecraft:broken":{"minecraft:iron_chestplate":1,"minecraft:iron_leggings":1,"minecraft:golden_leggings":1,"minecraft:stone_pickaxe":1,"irons_spellbooks:wandering_magician_boots":1,"minecraft:iron_sword":1,"minecraft:wooden_axe":1,"minecraft:golden_axe":2,"minecraft:iron_axe":1,"minecraft:leather_boots":1,"minecraft:iron_helmet":1},"minecraft:dropped":{"minecraft:oak_log":1,"minecraft:glass_bottle":1,"minecraft:pitcher_pod":3,"born_in_chaos_v1:pieceofdarkmetal":5,"minecraft:dirt":8,"biomesoplenty:flowering_oak_sapling":4,"minecraft:chain":1,"minecraft:gold_nugget":4,"minecraft:sugar":4,"alexsmobs:raccoon_tail":1,"regions_unexplored:raw_redstone_block":1,"minecraft:blackstone":1,"minecraft:iron_nugget":3,"alexsmobs:animal_dictionary":1,"minecraft:birch_sapling":2,"minecraft:rotten_flesh":8,"minecraft:oak_planks":4,"alexsmobs:blood_sac":2,"minecraft:tipped_arrow":1,"born_in_chaos_v1:corpse_maggot":5,"minecraft:leather_boots":1,"minecraft:basalt":1,"born_in_chaos_v1:marigolds":1,"born_in_chaos_v1:shattered_skull":1,"minecraft:wheat_seeds":2,"minecraft:acacia_log":1,"minecraft:stick":29,"irons_spellbooks:scroll":1,"minecraft:potion":1,"minecraft:paper":4,"minecraft:string":28,"minecraft:cocoa_beans":1,"born_in_chaos_v1:black_argillite_button":1,"sophisticatedbackpacks:backpack":1,"minecraft:torchflower_seeds":1,"minecraft:stone":3,"minecraft:oak_sapling":8,"minecraft:stone_bricks":6,"minecraft:bow":1},"minecraft:mined":{"minecraft:blue_carpet":1,"minecraft:stone_pressure_plate":1,"regions_unexplored:maple_log":10,"minecraft:brewing_stand":3,"minecraft:grass_block":6,"minecraft:cracked_polished_blackstone_bricks":2,"biomesoplenty:flowering_oak_leaves":1,"minecraft:coal_block":2,"minecraft:nether_wart":2,"minecraft:spawner":16,"biomesoplenty:blackstone_bulb":3,"minecraft:polished_blackstone_bricks":11,"minecraft:smooth_stone":1,"minecraft:weeping_vines_plant":1,"minecraft:magma_block":3,"minecraft:glowstone":2,"minecraft:cobbled_deepslate":3,"minecraft:fire":4,"born_in_chaos_v1:black_argillite_brick_slab":3,"biomesoplenty:lavender":1,"minecraft:target":1,"minecraft:pumpkin":5,"minecraft:enchanting_table":1,"minecraft:iron_bars":1,"biomesoplenty:webbing":3,"minecraft:purple_carpet":1,"minecraft:iron_block":2,"minecraft:netherite_block":1,"minecraft:blackstone":1,"minecraft:torch":1,"minecraft:cobblestone":30,"minecraft:sugar_cane":2,"minecraft:oak_planks":36,"minecraft:wall_torch":3,"minecraft:pink_petals":1,"minecraft:chain":1,"graveyard:oak_coffin":1,"minecraft:nether_wart_block":8,"minecraft:birch_log":3,"minecraft:lilac":1,"minecraft:stone_brick_stairs":1,"minecraft:grass":20,"minecraft:oak_log":213,"minecraft:dirt":13,"minecraft:crimson_planks":1,"minecraft:netherrack":4,"minecraft:oak_leaves":3,"minecraft:deepslate":18,"minecraft:crying_obsidian":2,"minecraft:tuff":2,"minecraft:mossy_cobblestone":8,"minecraft:gray_stained_glass_pane":2,"minecraft:nether_bricks":10,"minecraft:dark_oak_fence":1,"minecraft:spruce_fence":1,"minecraft:white_stained_glass":1,"minecraft:redstone_wire":2,"regions_unexplored:raw_redstone_block":2,"minecraft:rooted_dirt":7,"minecraft:large_fern":1,"minecraft:furnace":2,"biomesoplenty:toadstool":3,"minecraft:diamond_block":1,"biomesoplenty:flesh":1,"minecraft:gold_block":15,"biomesoplenty:barley":12,"regions_unexplored:medium_grass":5,"minecraft:stone":106,"minecraft:brown_stained_glass_pane":2,"minecraft:basalt":7,"minecraft:stone_brick_slab":1,"minecraft:crafting_table":1,"minecraft:tall_grass":12,"born_in_chaos_v1:chipped_black_argillite_brick":5,"biomesoplenty:sprout":2,"minecraft:coarse_dirt":1,"minecraft:birch_leaves":4,"minecraft:coal_ore":8,"minecraft:gravel":26,"minecraft:gray_carpet":2,"minecraft:cobweb":6,"minecraft:cracked_stone_bricks":2,"minecraft:stone_bricks":12,"minecraft:fern":6},"minecraft:custom":{"minecraft:interact_with_crafting_table":75,"minecraft:open_barrel":68,"minecraft:bell_ring":3,"minecraft:eat_cake_slice":10,"minecraft:leave_game":11,"minecraft:time_since_death":66427,"minecraft:sprint_one_cm":1016521,"minecraft:damage_blocked_by_shield":560,"minecraft:drop":62,"minecraft:talked_to_villager":17,"minecraft:play_time":340326,"minecraft:deaths":36,"minecraft:jump":4488,"minecraft:interact_with_brewingstand":15,"minecraft:walk_on_water_one_cm":18647,"minecraft:interact_with_furnace":31,"minecraft:traded_with_villager":4,"minecraft:interact_with_cartography_table":2,"minecraft:interact_with_loom":1,"minecraft:open_enderchest":1,"minecraft:damage_dealt":25407,"minecraft:crouch_one_cm":19067,"tombstone:undead_killed":55,"minecraft:inspect_dispenser":2,"minecraft:interact_with_smithing_table":2,"minecraft:interact_with_anvil":1,"minecraft:mob_kills":157,"minecraft:damage_dealt_resisted":2300,"minecraft:climb_one_cm":29116,"minecraft:walk_one_cm":915851,"minecraft:damage_dealt_absorbed":80,"minecraft:sneak_time":12707,"minecraft:walk_under_water_one_cm":16704,"minecraft:interact_with_lectern":2,"minecraft:total_world_time":340326,"wares:sealed_letters_opened":1,"tombstone:raider_killed":14,"tombstone:pray_on_grave":1,"minecraft:time_since_rest":66196,"minecraft:damage_taken":16787,"minecraft:trigger_trapped_chest":1,"tombstone:cast_on_ally":0,"minecraft:swim_one_cm":21547,"minecraft:fly_one_cm":756936,"minecraft:open_chest":130,"minecraft:fall_one_cm":136766},"minecraft:picked_up":{"irons_spellbooks:scroll":1,"minecraft:iron_chestplate":1,"illagerinvasion:platinum_chunk":4,"minecraft:potion":2,"minecraft:crimson_planks":1,"minecraft:brewing_stand":3,"minecraft:string":28,"irons_spellbooks:arcane_essence":5,"alexsmobs:blood_sac":2,"minecraft:gold_nugget":8,"minecraft:cobbled_deepslate":20,"minecraft:redstone_torch":1,"alexsmobs:raccoon_tail":1,"minecraft:coal_block":2,"minecraft:furnace":2,"minecraft:tipped_arrow":1,"minecraft:stick":29,"born_in_chaos_v1:shattered_skull":4,"minecraft:torch":8,"minecraft:acacia_log":1,"minecraft:porkchop":3,"minecraft:golden_axe":1,"minecraft:target":1,"tombstone:grave_dust":18,"regions_unexplored:raw_redstone_block":1,"irons_spellbooks:fire_rune":1,"minecraft:rotten_flesh":29,"minecraft:iron_block":2,"minecraft:blaze_rod":3,"minecraft:iron_bars":1,"minecraft:cobblestone":122,"minecraft:birch_log":3,"minecraft:enchanting_table":1,"minecraft:pink_petals":3,"minecraft:magma_block":1,"minecraft:feather":2,"born_in_chaos_v1:spiritual_dust":5,"paraglider:spirit_orb":30,"minecraft:flint":2,"minecraft:tuff":2,"born_in_chaos_v1:black_argillite_button":1,"minecraft:dirt":35,"minecraft:leather_boots":3,"born_in_chaos_v1:marigolds":1,"minecraft:purple_carpet":1,"minecraft:bone":42,"minecraft:bow":2,"minecraft:wheat_seeds":13,"minecraft:glowstone_dust":3,"minecraft:oak_planks":59,"biomesoplenty:toadstool":3,"irons_spellbooks:frozen_bone":14,"minecraft:diamond_block":1,"minecraft:mossy_cobblestone":3,"minecraft:netherite_block":1,"minecraft:bundle":3,"minecraft:sugar":2,"born_in_chaos_v1:fire_dust":2,"minecraft:crossbow":1,"minecraft:bread":2,"minecraft:emerald":8,"minecraft:rooted_dirt":7,"alexsmobs:maggot":2,"minecraft:oak_sapling":21,"minecraft:netherrack":4,"minecraft:crafting_table":2,"iceandfire:witherbone":1,"minecraft:chicken":6,"minecraft:nether_wart":5,"born_in_chaos_v1:seedof_chaos":3,"minecraft:gold_block":15,"minecraft:chain":2,"minecraft:blackstone":1,"minecraft:cracked_stone_bricks":2,"minecraft:beef":8,"irons_spellbooks:epic_ink":1,"minecraft:iron_nugget":3,"minecraft:sugar_cane":3,"minecraft:birch_sapling":2,"sophisticatedbackpacks:backpack":1,"minecraft:polished_blackstone_bricks":10,"born_in_chaos_v1:pieceofdarkmetal":6,"minecraft:carrot":1,"minecraft:redstone":2,"minecraft:blue_carpet":1,"minecraft:stone_pressure_plate":1,"minecraft:arrow":46,"regions_unexplored:maple_sapling":1,"tombstone:essence_of_undeath":1,"minecraft:mutton":14,"minecraft:white_wool":10,"born_in_chaos_v1:corpse_maggot":7,"minecraft:basalt":5,"minecraft:leather":2,"minecraft:oak_log":184,"minecraft:nether_wart_block":8,"regions_unexplored:tassel":1,"minecraft:paper":2,"irons_spellbooks:common_ink":1,"minecraft:gray_carpet":2,"minecraft:apple":22,"minecraft:stone_bricks":9,"minecraft:iron_ingot":12,"born_in_chaos_v1:chipped_black_argillite_brick":1,"tombstone:bag_of_seeds":2,"minecraft:iron_sword":1,"minecraft:pumpkin":2,"minecraft:stone_brick_slab":1,"born_in_chaos_v1:orbofthe_summoner":1,"born_in_chaos_v1:ethereal_spirit":1,"minecraft:gravel":24,"minecraft:crying_obsidian":2,"minecraft:spider_eye":9,"biomesoplenty:flowering_oak_sapling":5,"regions_unexplored:maple_log":10,"minecraft:coal":8},"minecraft:crafted":{"minecraft:oak_planks":664,"irons_spellbooks:iron_spell_book":1,"regions_unexplored:maple_planks":40,"minecraft:blaze_powder":2,"minecraft:cooked_chicken":6,"minecraft:chain":3,"minecraft:stone":8,"minecraft:cooked_mutton":8,"minecraft:iron_boots":1,"minecraft:chest":1,"minecraft:golden_boots":1,"minecraft:golden_axe":2,"minecraft:cooked_porkchop":3,"minecraft:diamond_axe":1,"minecraft:crafting_table":17,"minecraft:iron_helmet":1,"minecraft:wooden_pickaxe":1,"minecraft:baked_potato":14,"tombstone:decorative_grave_simple":1,"minecraft:birch_planks":12,"minecraft:brewing_stand":2,"minecraft:iron_chestplate":2,"minecraft:golden_leggings":1,"minecraft:diamond_pickaxe":2,"minecraft:shield":1,"minecraft:stick":52,"minecraft:iron_ingot":18,"minecraft:iron_pickaxe":1,"minecraft:stone_sword":1,"minecraft:netherite_ingot":9,"irons_spellbooks:magic_cloth":4,"minecraft:coal":18,"minecraft:iron_nugget":9,"minecraft:furnace":3,"irons_spellbooks:lightning_bottle":3,"minecraft:flint_and_steel":1,"minecraft:diamond":9,"minecraft:polished_deepslate":20,"minecraft:iron_axe":1,"minecraft:stone_pickaxe":1,"sophisticatedbackpacks:iron_backpack":1,"minecraft:sugar":3,"irons_spellbooks:netherite_mage_helmet":1,"tombstone:ankh_of_pray":1,"sophisticatedbackpacks:gold_backpack":1,"minecraft:bucket":9,"minecraft:stone_axe":2,"minecraft:bread":10,"minecraft:air":0,"minecraft:potion":1,"tombstone:grave_plate":1,"minecraft:fermented_spider_eye":1,"minecraft:wooden_axe":1,"tombstone:dark_marble":3,"minecraft:iron_leggings":2,"irons_spellbooks:wandering_magician_boots":1,"minecraft:torch":84},"minecraft:killed_by":{"minecraft:piglin_brute":3,"minecraft:creeper":1,"born_in_chaos_v1:zombie_bruiser":2,"born_in_chaos_v1:bone_imp_minion":1,"born_in_chaos_v1:corpse_fly":1,"minecraft:magma_cube":2,"minecraft:vindicator":5,"minecraft:piglin":1,"minecraft:cave_spider":3,"born_in_chaos_v1:supreme_bonescaller_not_despawn":1,"alexsmobs:grizzly_bear":1,"born_in_chaos_v1:bonescaller_not_despawn":1,"born_in_chaos_v1:firelight_not_despawn":1,"minecraft:vex":2,"minecraft:husk":1,"minecraft:stray":1,"minecraft:spider":1,"minecraft:skeleton":2,"alexsmobs:crimson_mosquito":1},"minecraft:killed":{"born_in_chaos_v1:zombie_clown":1,"minecraft:cave_spider":4,"born_in_chaos_v1:zombie_lumberjack":2,"born_in_chaos_v1:restless_spirit":1,"minecraft:spider":11,"born_in_chaos_v1:baby_skeleton_minion":5,"minecraft:skeleton":10,"minecraft:chicken":6,"born_in_chaos_v1:supreme_bonescaller_stage_2":1,"minecraft:piglin_brute":2,"born_in_chaos_v1:firelight_not_despawn":2,"minecraft:magma_cube":5,"minecraft:piglin":12,"born_in_chaos_v1:bonescaller":2,"minecraft:pig":1,"alexsmobs:crimson_mosquito":6,"minecraft:sheep":8,"minecraft:pillager":9,"minecraft:zombie":17,"born_in_chaos_v1:corpse_fly":3,"minecraft:stray":4,"alexsmobs:fly":1,"minecraft:blaze":5,"minecraft:vex":2,"alexsmobs:raccoon":1,"minecraft:vindicator":5,"born_in_chaos_v1:skeleton_thrasher_not_despawn":1,"born_in_chaos_v1:zombie_bruiser":1,"born_in_chaos_v1:maggot":11,"minecraft:horse":3,"minecraft:husk":3,"born_in_chaos_v1:bone_imp_minion":1,"born_in_chaos_v1:baby_skeleton":1,"born_in_chaos_v1:decrepit_skeleton":3,"born_in_chaos_v1:bonescaller_not_despawn":2,"minecraft:wither_skeleton":1}},"DataVersion":3465}