{"stats":{"minecraft:killed_by":{"minecraft:piglin_brute":3,"minecraft:creeper":1,"born_in_chaos_v1:bone_imp_minion":1,"born_in_chaos_v1:corpse_fly":1,"minecraft:magma_cube":2,"minecraft:piglin":1,"minecraft:cave_spider":3,"born_in_chaos_v1:supreme_bonescaller_not_despawn":1,"alexsmobs:grizzly_bear":1,"born_in_chaos_v1:bonescaller_not_despawn":1,"born_in_chaos_v1:firelight_not_despawn":1,"minecraft:vex":2,"minecraft:husk":1,"minecraft:stray":1,"minecraft:spider":1,"minecraft:skeleton":2,"alexsmobs:crimson_mosquito":1},"minecraft:broken":{"minecraft:iron_leggings":1,"minecraft:stone_pickaxe":1,"minecraft:iron_sword":1,"minecraft:wooden_axe":1,"minecraft:golden_axe":2,"minecraft:iron_axe":1,"minecraft:leather_boots":1},"minecraft:killed":{"born_in_chaos_v1:zombie_clown":1,"minecraft:cave_spider":4,"born_in_chaos_v1:zombie_lumberjack":1,"minecraft:spider":10,"born_in_chaos_v1:baby_skeleton_minion":5,"minecraft:skeleton":10,"minecraft:chicken":6,"born_in_chaos_v1:supreme_bonescaller_stage_2":1,"minecraft:piglin_brute":2,"born_in_chaos_v1:firelight_not_despawn":2,"minecraft:magma_cube":5,"minecraft:piglin":12,"born_in_chaos_v1:bonescaller":1,"minecraft:pig":1,"alexsmobs:crimson_mosquito":6,"minecraft:sheep":6,"minecraft:zombie":16,"born_in_chaos_v1:corpse_fly":2,"minecraft:stray":4,"alexsmobs:fly":1,"minecraft:blaze":5,"minecraft:vex":2,"alexsmobs:raccoon":1,"minecraft:vindicator":4,"born_in_chaos_v1:skeleton_thrasher_not_despawn":1,"born_in_chaos_v1:maggot":11,"minecraft:horse":3,"minecraft:husk":3,"born_in_chaos_v1:bone_imp_minion":1,"born_in_chaos_v1:baby_skeleton":1,"born_in_chaos_v1:bonescaller_not_despawn":2,"minecraft:wither_skeleton":1},"minecraft:custom":{"minecraft:interact_with_crafting_table":44,"minecraft:open_barrel":42,"minecraft:eat_cake_slice":10,"minecraft:leave_game":6,"minecraft:time_since_death":39756,"minecraft:sprint_one_cm":786894,"minecraft:damage_blocked_by_shield":400,"minecraft:drop":36,"minecraft:talked_to_villager":9,"minecraft:play_time":245835,"minecraft:deaths":28,"minecraft:jump":3504,"minecraft:interact_with_brewingstand":7,"minecraft:walk_on_water_one_cm":15223,"minecraft:interact_with_furnace":19,"minecraft:interact_with_cartography_table":2,"minecraft:open_enderchest":1,"minecraft:damage_dealt":20308,"minecraft:crouch_one_cm":18688,"tombstone:undead_killed":48,"minecraft:inspect_dispenser":2,"minecraft:interact_with_smithing_table":2,"minecraft:mob_kills":135,"minecraft:damage_dealt_resisted":2044,"minecraft:climb_one_cm":23962,"minecraft:walk_one_cm":695803,"minecraft:damage_dealt_absorbed":40,"minecraft:sneak_time":11840,"minecraft:walk_under_water_one_cm":11873,"minecraft:total_world_time":245835,"tombstone:raider_killed":4,"minecraft:time_since_rest":39493,"minecraft:damage_taken":12848,"minecraft:trigger_trapped_chest":1,"tombstone:cast_on_ally":0,"minecraft:swim_one_cm":13562,"minecraft:fly_one_cm":567342,"minecraft:open_chest":83,"minecraft:fall_one_cm":107066},"minecraft:crafted":{"minecraft:oak_planks":472,"regions_unexplored:maple_planks":40,"minecraft:cooked_chicken":6,"minecraft:stone":3,"minecraft:cooked_mutton":3,"minecraft:iron_boots":1,"minecraft:chest":1,"minecraft:golden_axe":2,"minecraft:cooked_porkchop":3,"minecraft:diamond_axe":1,"minecraft:crafting_table":14,"minecraft:iron_helmet":1,"minecraft:wooden_pickaxe":1,"minecraft:baked_potato":14,"tombstone:decorative_grave_simple":1,"minecraft:birch_planks":12,"minecraft:brewing_stand":2,"minecraft:iron_chestplate":1,"minecraft:diamond_pickaxe":1,"minecraft:golden_leggings":1,"minecraft:shield":1,"minecraft:stick":44,"minecraft:iron_ingot":18,"minecraft:iron_pickaxe":1,"minecraft:stone_sword":1,"minecraft:netherite_ingot":9,"minecraft:coal":18,"minecraft:furnace":2,"minecraft:flint_and_steel":1,"minecraft:diamond":9,"minecraft:iron_axe":1,"minecraft:stone_pickaxe":1,"sophisticatedbackpacks:iron_backpack":1,"minecraft:sugar":3,"minecraft:bucket":4,"minecraft:stone_axe":2,"minecraft:bread":10,"minecraft:air":0,"minecraft:fermented_spider_eye":1,"minecraft:wooden_axe":1,"tombstone:dark_marble":3,"minecraft:iron_leggings":1,"irons_spellbooks:wandering_magician_boots":1,"minecraft:torch":84},"minecraft:used":{"minecraft:iron_shovel":26,"minecraft:chest":1,"minecraft:shield":11,"minecraft:iron_sword":237,"minecraft:carrot":16,"tombstone:decorative_grave_simple":1,"minecraft:lava_bucket":21,"minecraft:iron_helmet":1,"minecraft:bow":61,"minecraft:furnace":4,"minecraft:stone_pickaxe":129,"minecraft:oak_planks":403,"minecraft:wooden_pickaxe":12,"minecraft:diamond_axe":40,"minecraft:bread":46,"minecraft:gravel":24,"minecraft:bone_meal":9,"minecraft:stone_sword":1,"minecraft:flint_and_steel":1,"minecraft:cooked_chicken":6,"minecraft:netherrack":3,"regions_unexplored:maple_planks":30,"minecraft:torch":27,"minecraft:brewing_stand":2,"minecraft:dirt":14,"minecraft:wooden_axe":71,"minecraft:iron_axe":296,"minecraft:rooted_dirt":3,"minecraft:iron_boots":1,"minecraft:crimson_planks":1,"minecraft:golden_carrot":13,"tombstone:gift":6,"minecraft:golden_axe":33,"minecraft:cooked_mutton":3,"minecraft:water_bucket":31,"tombstone:scroll_of_reach":1,"minecraft:birch_planks":6,"minecraft:baked_potato":14,"minecraft:leather_boots":1,"minecraft:polished_blackstone_bricks":1,"minecraft:crafting_table":16,"minecraft:cake":1,"minecraft:oak_log":3,"minecraft:diamond_pickaxe":6,"minecraft:apple":13,"minecraft:iron_pickaxe":117,"biomesoplenty:toadstool":3,"minecraft:golden_leggings":1,"minecraft:stone_axe":143,"minecraft:cobblestone":52,"minecraft:potion":1,"minecraft:cooked_porkchop":3,"minecraft:bucket":54},"minecraft:dropped":{"minecraft:glass_bottle":1,"born_in_chaos_v1:pieceofdarkmetal":2,"minecraft:dirt":8,"biomesoplenty:flowering_oak_sapling":4,"minecraft:chain":1,"alexsmobs:raccoon_tail":1,"regions_unexplored:raw_redstone_block":1,"minecraft:blackstone":1,"alexsmobs:animal_dictionary":1,"minecraft:birch_sapling":2,"minecraft:rotten_flesh":1,"minecraft:oak_planks":4,"alexsmobs:blood_sac":2,"minecraft:tipped_arrow":1,"born_in_chaos_v1:corpse_maggot":5,"minecraft:leather_boots":1,"born_in_chaos_v1:marigolds":1,"born_in_chaos_v1:shattered_skull":1,"minecraft:wheat_seeds":1,"minecraft:stick":15,"minecraft:potion":1,"minecraft:string":4,"born_in_chaos_v1:black_argillite_button":1,"sophisticatedbackpacks:backpack":1,"minecraft:oak_sapling":8,"minecraft:bow":1},"minecraft:picked_up":{"minecraft:iron_chestplate":1,"minecraft:potion":2,"minecraft:crimson_planks":1,"minecraft:brewing_stand":1,"minecraft:string":16,"alexsmobs:blood_sac":2,"minecraft:gold_nugget":4,"minecraft:redstone_torch":1,"alexsmobs:raccoon_tail":1,"minecraft:coal_block":2,"minecraft:furnace":2,"minecraft:tipped_arrow":1,"minecraft:stick":22,"born_in_chaos_v1:shattered_skull":3,"minecraft:torch":6,"minecraft:porkchop":3,"minecraft:golden_axe":1,"minecraft:target":1,"tombstone:grave_dust":11,"regions_unexplored:raw_redstone_block":1,"minecraft:rotten_flesh":11,"minecraft:iron_block":2,"minecraft:blaze_rod":3,"minecraft:cobblestone":93,"minecraft:birch_log":3,"minecraft:enchanting_table":1,"minecraft:pink_petals":3,"minecraft:feather":2,"born_in_chaos_v1:spiritual_dust":5,"paraglider:spirit_orb":26,"minecraft:flint":2,"minecraft:tuff":2,"born_in_chaos_v1:black_argillite_button":1,"minecraft:dirt":34,"minecraft:leather_boots":2,"born_in_chaos_v1:marigolds":1,"minecraft:purple_carpet":1,"minecraft:bone":36,"minecraft:bow":2,"minecraft:wheat_seeds":9,"minecraft:glowstone_dust":3,"minecraft:oak_planks":37,"biomesoplenty:toadstool":3,"irons_spellbooks:frozen_bone":14,"minecraft:diamond_block":1,"minecraft:mossy_cobblestone":3,"minecraft:netherite_block":1,"minecraft:bundle":3,"born_in_chaos_v1:fire_dust":2,"minecraft:emerald":1,"minecraft:bread":2,"alexsmobs:maggot":2,"minecraft:rooted_dirt":3,"minecraft:oak_sapling":21,"minecraft:netherrack":3,"minecraft:crafting_table":2,"minecraft:chicken":6,"iceandfire:witherbone":1,"born_in_chaos_v1:seedof_chaos":3,"minecraft:gold_block":15,"minecraft:chain":1,"minecraft:blackstone":1,"minecraft:cracked_stone_bricks":1,"minecraft:sugar_cane":3,"minecraft:birch_sapling":2,"sophisticatedbackpacks:backpack":1,"minecraft:polished_blackstone_bricks":10,"born_in_chaos_v1:pieceofdarkmetal":2,"minecraft:carrot":1,"minecraft:redstone":2,"minecraft:stone_pressure_plate":1,"minecraft:blue_carpet":1,"minecraft:arrow":27,"regions_unexplored:maple_sapling":1,"tombstone:essence_of_undeath":1,"minecraft:mutton":8,"minecraft:white_wool":6,"born_in_chaos_v1:corpse_maggot":7,"minecraft:basalt":2,"minecraft:leather":2,"minecraft:oak_log":183,"minecraft:nether_wart_block":8,"minecraft:stone_bricks":6,"minecraft:apple":9,"minecraft:gray_carpet":2,"minecraft:iron_ingot":1,"tombstone:bag_of_seeds":1,"minecraft:iron_sword":1,"minecraft:pumpkin":2,"minecraft:stone_brick_slab":1,"born_in_chaos_v1:orbofthe_summoner":1,"minecraft:gravel":24,"minecraft:spider_eye":8,"biomesoplenty:flowering_oak_sapling":5,"regions_unexplored:maple_log":10,"minecraft:coal":8},"minecraft:mined":{"minecraft:blue_carpet":1,"minecraft:stone_pressure_plate":1,"regions_unexplored:maple_log":10,"minecraft:brewing_stand":1,"minecraft:grass_block":6,"biomesoplenty:flowering_oak_leaves":1,"minecraft:cracked_polished_blackstone_bricks":2,"minecraft:coal_block":2,"minecraft:spawner":13,"biomesoplenty:blackstone_bulb":3,"minecraft:smooth_stone":1,"minecraft:polished_blackstone_bricks":11,"minecraft:weeping_vines_plant":1,"minecraft:magma_block":2,"minecraft:glowstone":2,"minecraft:fire":4,"born_in_chaos_v1:black_argillite_brick_slab":3,"biomesoplenty:lavender":1,"minecraft:target":1,"minecraft:pumpkin":5,"minecraft:enchanting_table":1,"biomesoplenty:webbing":3,"minecraft:purple_carpet":1,"minecraft:iron_block":2,"minecraft:netherite_block":1,"minecraft:blackstone":1,"minecraft:torch":1,"minecraft:cobblestone":30,"minecraft:sugar_cane":2,"minecraft:oak_planks":32,"minecraft:wall_torch":2,"minecraft:pink_petals":1,"minecraft:chain":1,"graveyard:oak_coffin":1,"minecraft:nether_wart_block":8,"minecraft:birch_log":3,"minecraft:lilac":1,"minecraft:stone_brick_stairs":1,"minecraft:grass":20,"minecraft:oak_log":213,"minecraft:dirt":12,"minecraft:crimson_planks":1,"minecraft:netherrack":3,"minecraft:oak_leaves":2,"minecraft:tuff":2,"minecraft:mossy_cobblestone":8,"minecraft:gray_stained_glass_pane":2,"minecraft:nether_bricks":10,"minecraft:spruce_fence":1,"minecraft:white_stained_glass":1,"minecraft:redstone_wire":2,"regions_unexplored:raw_redstone_block":2,"minecraft:rooted_dirt":3,"minecraft:large_fern":1,"minecraft:furnace":2,"biomesoplenty:toadstool":3,"minecraft:diamond_block":1,"biomesoplenty:flesh":1,"minecraft:gold_block":15,"biomesoplenty:barley":10,"regions_unexplored:medium_grass":5,"minecraft:stone":77,"minecraft:brown_stained_glass_pane":2,"minecraft:basalt":4,"minecraft:stone_brick_slab":1,"minecraft:crafting_table":1,"minecraft:tall_grass":8,"born_in_chaos_v1:chipped_black_argillite_brick":5,"biomesoplenty:sprout":2,"minecraft:coarse_dirt":1,"minecraft:birch_leaves":4,"minecraft:coal_ore":8,"minecraft:gravel":26,"minecraft:gray_carpet":2,"minecraft:cobweb":6,"minecraft:cracked_stone_bricks":1,"minecraft:stone_bricks":12,"minecraft:fern":6}},"DataVersion":3465}