{"stats":{"minecraft:killed_by":{"minecraft:husk":1,"minecraft:piglin_brute":2,"minecraft:stray":1,"minecraft:creeper":1,"minecraft:spider":1,"born_in_chaos_v1:bone_imp_minion":1,"born_in_chaos_v1:corpse_fly":1,"minecraft:magma_cube":1,"minecraft:piglin":1,"minecraft:cave_spider":3,"minecraft:skeleton":2,"born_in_chaos_v1:supreme_bonescaller_not_despawn":1,"alexsmobs:crimson_mosquito":1,"born_in_chaos_v1:bonescaller_not_despawn":1,"born_in_chaos_v1:firelight_not_despawn":1,"minecraft:vex":2},"minecraft:broken":{"minecraft:stone_pickaxe":1,"minecraft:leather_boots":1,"minecraft:wooden_axe":1},"minecraft:killed":{"born_in_chaos_v1:zombie_clown":1,"minecraft:vex":2,"minecraft:cave_spider":4,"born_in_chaos_v1:zombie_lumberjack":1,"alexsmobs:raccoon":1,"minecraft:spider":10,"born_in_chaos_v1:skeleton_thrasher_not_despawn":1,"born_in_chaos_v1:baby_skeleton_minion":5,"born_in_chaos_v1:maggot":10,"minecraft:horse":3,"minecraft:skeleton":6,"minecraft:chicken":6,"minecraft:piglin_brute":2,"born_in_chaos_v1:firelight_not_despawn":2,"minecraft:magma_cube":4,"minecraft:piglin":12,"minecraft:husk":1,"minecraft:pig":1,"alexsmobs:crimson_mosquito":6,"minecraft:sheep":6,"minecraft:zombie":15,"born_in_chaos_v1:corpse_fly":1,"born_in_chaos_v1:bonescaller_not_despawn":2,"minecraft:stray":4,"alexsmobs:fly":1},"minecraft:custom":{"minecraft:interact_with_smithing_table":1,"minecraft:mob_kills":110,"minecraft:interact_with_crafting_table":29,"minecraft:open_barrel":34,"minecraft:damage_dealt_resisted":718,"minecraft:eat_cake_slice":6,"minecraft:leave_game":3,"minecraft:time_since_death":2718,"minecraft:climb_one_cm":16512,"minecraft:sprint_one_cm":504967,"minecraft:walk_one_cm":510158,"minecraft:damage_blocked_by_shield":310,"minecraft:drop":28,"minecraft:talked_to_villager":2,"minecraft:play_time":166297,"minecraft:deaths":24,"minecraft:sneak_time":7963,"minecraft:walk_under_water_one_cm":4157,"minecraft:jump":2370,"minecraft:interact_with_brewingstand":5,"minecraft:walk_on_water_one_cm":8875,"minecraft:total_world_time":166297,"minecraft:interact_with_furnace":17,"minecraft:interact_with_cartography_table":1,"minecraft:time_since_rest":2129,"minecraft:damage_taken":9779,"minecraft:trigger_trapped_chest":1,"minecraft:damage_dealt":13966,"tombstone:cast_on_ally":0,"minecraft:fly_one_cm":373213,"minecraft:swim_one_cm":3757,"minecraft:open_chest":49,"minecraft:crouch_one_cm":13733,"tombstone:undead_killed":36,"minecraft:fall_one_cm":68061,"minecraft:inspect_dispenser":2},"minecraft:crafted":{"minecraft:oak_planks":348,"minecraft:coal":18,"regions_unexplored:maple_planks":40,"minecraft:cooked_chicken":6,"minecraft:furnace":2,"minecraft:stone":3,"minecraft:cooked_mutton":3,"minecraft:flint_and_steel":1,"minecraft:iron_boots":1,"minecraft:iron_axe":1,"minecraft:stone_pickaxe":1,"minecraft:chest":1,"sophisticatedbackpacks:iron_backpack":1,"minecraft:cooked_porkchop":3,"minecraft:crafting_table":9,"minecraft:iron_helmet":1,"minecraft:wooden_pickaxe":1,"minecraft:baked_potato":14,"tombstone:decorative_grave_simple":1,"minecraft:bucket":3,"minecraft:birch_planks":12,"minecraft:stone_axe":2,"minecraft:bread":10,"minecraft:air":0,"minecraft:iron_chestplate":1,"minecraft:shield":1,"minecraft:stick":36,"tombstone:dark_marble":3,"minecraft:iron_ingot":18,"minecraft:iron_pickaxe":1,"minecraft:wooden_axe":1,"minecraft:stone_sword":1,"minecraft:iron_leggings":1,"minecraft:torch":84},"minecraft:used":{"minecraft:stone_sword":1,"minecraft:flint_and_steel":1,"minecraft:iron_shovel":26,"minecraft:chest":1,"minecraft:shield":7,"minecraft:iron_sword":183,"minecraft:cooked_chicken":6,"minecraft:netherrack":3,"regions_unexplored:maple_planks":30,"minecraft:torch":21,"minecraft:dirt":13,"minecraft:wooden_axe":71,"minecraft:lava_bucket":14,"minecraft:iron_axe":274,"minecraft:iron_helmet":1,"minecraft:bow":53,"minecraft:furnace":4,"tombstone:gift":6,"minecraft:cooked_mutton":3,"minecraft:water_bucket":22,"tombstone:scroll_of_reach":1,"minecraft:birch_planks":6,"minecraft:oak_planks":250,"minecraft:baked_potato":1,"minecraft:stone_pickaxe":129,"minecraft:wooden_pickaxe":12,"minecraft:polished_blackstone_bricks":1,"minecraft:crafting_table":11,"minecraft:cake":1,"minecraft:oak_log":3,"minecraft:apple":11,"minecraft:bread":44,"minecraft:iron_pickaxe":57,"minecraft:gravel":24,"minecraft:stone_axe":143,"minecraft:cobblestone":52,"minecraft:potion":1,"minecraft:cooked_porkchop":3,"minecraft:bucket":37},"minecraft:dropped":{"minecraft:wheat_seeds":1,"minecraft:glass_bottle":1,"born_in_chaos_v1:pieceofdarkmetal":2,"minecraft:stick":15,"minecraft:dirt":8,"biomesoplenty:flowering_oak_sapling":4,"minecraft:potion":1,"minecraft:chain":1,"minecraft:string":4,"alexsmobs:raccoon_tail":1,"regions_unexplored:raw_redstone_block":1,"minecraft:blackstone":1,"alexsmobs:animal_dictionary":1,"minecraft:birch_sapling":2,"born_in_chaos_v1:black_argillite_button":1,"minecraft:oak_planks":3,"alexsmobs:blood_sac":2,"minecraft:tipped_arrow":1,"born_in_chaos_v1:corpse_maggot":1,"minecraft:oak_sapling":8,"minecraft:bow":1,"born_in_chaos_v1:marigolds":1},"minecraft:mined":{"minecraft:tuff":2,"minecraft:stone_pressure_plate":1,"minecraft:mossy_cobblestone":8,"regions_unexplored:maple_log":10,"minecraft:brewing_stand":1,"minecraft:gray_stained_glass_pane":2,"minecraft:grass_block":6,"minecraft:spruce_fence":1,"minecraft:cracked_polished_blackstone_bricks":2,"biomesoplenty:flowering_oak_leaves":1,"minecraft:white_stained_glass":1,"minecraft:redstone_wire":2,"minecraft:coal_block":2,"regions_unexplored:raw_redstone_block":2,"minecraft:spawner":10,"minecraft:large_fern":1,"minecraft:polished_blackstone_bricks":11,"minecraft:weeping_vines_plant":1,"minecraft:magma_block":2,"minecraft:furnace":2,"minecraft:fire":2,"born_in_chaos_v1:black_argillite_brick_slab":3,"biomesoplenty:lavender":1,"minecraft:target":1,"biomesoplenty:flesh":1,"minecraft:gold_block":3,"biomesoplenty:webbing":3,"biomesoplenty:barley":10,"regions_unexplored:medium_grass":5,"minecraft:stone":77,"minecraft:iron_block":2,"minecraft:blackstone":1,"minecraft:brown_stained_glass_pane":2,"minecraft:basalt":4,"minecraft:stone_brick_slab":1,"minecraft:crafting_table":1,"minecraft:tall_grass":5,"minecraft:cobblestone":23,"born_in_chaos_v1:chipped_black_argillite_brick":5,"biomesoplenty:sprout":2,"minecraft:oak_planks":25,"minecraft:pink_petals":1,"minecraft:chain":1,"graveyard:oak_coffin":1,"minecraft:birch_log":3,"minecraft:lilac":1,"minecraft:stone_brick_stairs":1,"minecraft:birch_leaves":4,"minecraft:grass":17,"minecraft:oak_log":213,"minecraft:coal_ore":8,"minecraft:gravel":26,"minecraft:dirt":11,"minecraft:cobweb":6,"minecraft:cracked_stone_bricks":1,"minecraft:stone_bricks":7,"minecraft:netherrack":3,"minecraft:oak_leaves":2,"minecraft:fern":3},"minecraft:picked_up":{"minecraft:crafting_table":2,"minecraft:iron_chestplate":1,"minecraft:chicken":6,"minecraft:gold_block":3,"minecraft:potion":2,"minecraft:chain":1,"minecraft:brewing_stand":1,"minecraft:string":16,"minecraft:blackstone":1,"minecraft:cracked_stone_bricks":1,"alexsmobs:blood_sac":2,"minecraft:gold_nugget":4,"minecraft:redstone_torch":1,"alexsmobs:raccoon_tail":1,"minecraft:coal_block":2,"minecraft:birch_sapling":2,"minecraft:furnace":2,"minecraft:tipped_arrow":1,"minecraft:stick":22,"born_in_chaos_v1:shattered_skull":1,"minecraft:torch":3,"minecraft:porkchop":3,"minecraft:polished_blackstone_bricks":10,"minecraft:golden_axe":1,"minecraft:target":1,"regions_unexplored:raw_redstone_block":1,"tombstone:grave_dust":3,"born_in_chaos_v1:pieceofdarkmetal":2,"minecraft:carrot":1,"minecraft:redstone":2,"minecraft:stone_pressure_plate":1,"minecraft:arrow":20,"minecraft:rotten_flesh":9,"regions_unexplored:maple_sapling":1,"minecraft:iron_block":2,"tombstone:essence_of_undeath":1,"minecraft:mutton":8,"minecraft:white_wool":6,"minecraft:cobblestone":86,"minecraft:birch_log":3,"minecraft:pink_petals":3,"born_in_chaos_v1:corpse_maggot":5,"minecraft:feather":2,"minecraft:basalt":2,"minecraft:leather":2,"paraglider:spirit_orb":20,"minecraft:flint":2,"minecraft:tuff":2,"minecraft:oak_log":183,"born_in_chaos_v1:black_argillite_button":1,"minecraft:dirt":21,"born_in_chaos_v1:marigolds":1,"minecraft:bone":27,"minecraft:apple":9,"minecraft:stone_bricks":3,"minecraft:bow":2,"minecraft:wheat_seeds":4,"tombstone:bag_of_seeds":1,"minecraft:oak_planks":31,"minecraft:iron_sword":1,"irons_spellbooks:frozen_bone":14,"minecraft:stone_brick_slab":1,"minecraft:gravel":24,"minecraft:spider_eye":8,"minecraft:mossy_cobblestone":3,"biomesoplenty:flowering_oak_sapling":5,"minecraft:bundle":3,"born_in_chaos_v1:fire_dust":2,"regions_unexplored:maple_log":10,"minecraft:bread":2,"alexsmobs:maggot":2,"minecraft:oak_sapling":21,"minecraft:netherrack":3,"minecraft:coal":8}},"DataVersion":3465}