{"stats":{"minecraft:killed_by":{"minecraft:husk":1,"minecraft:piglin_brute":3,"minecraft:stray":1,"minecraft:creeper":1,"minecraft:spider":1,"born_in_chaos_v1:bone_imp_minion":1,"born_in_chaos_v1:corpse_fly":1,"minecraft:magma_cube":2,"minecraft:piglin":1,"minecraft:cave_spider":3,"minecraft:skeleton":2,"born_in_chaos_v1:supreme_bonescaller_not_despawn":1,"alexsmobs:grizzly_bear":1,"alexsmobs:crimson_mosquito":1,"born_in_chaos_v1:bonescaller_not_despawn":1,"born_in_chaos_v1:firelight_not_despawn":1,"minecraft:vex":2},"minecraft:broken":{"minecraft:iron_leggings":1,"minecraft:stone_pickaxe":1,"minecraft:golden_axe":1,"minecraft:iron_axe":1,"minecraft:leather_boots":1,"minecraft:iron_sword":1,"minecraft:wooden_axe":1},"minecraft:killed":{"born_in_chaos_v1:zombie_clown":1,"minecraft:vex":2,"minecraft:cave_spider":4,"born_in_chaos_v1:zombie_lumberjack":1,"alexsmobs:raccoon":1,"minecraft:vindicator":4,"minecraft:spider":10,"born_in_chaos_v1:skeleton_thrasher_not_despawn":1,"born_in_chaos_v1:baby_skeleton_minion":5,"born_in_chaos_v1:maggot":10,"minecraft:horse":3,"minecraft:skeleton":10,"minecraft:chicken":6,"minecraft:piglin_brute":2,"born_in_chaos_v1:firelight_not_despawn":2,"minecraft:magma_cube":5,"minecraft:piglin":12,"minecraft:husk":1,"born_in_chaos_v1:bonescaller":1,"minecraft:pig":1,"alexsmobs:crimson_mosquito":6,"minecraft:sheep":6,"minecraft:zombie":16,"born_in_chaos_v1:corpse_fly":2,"born_in_chaos_v1:bonescaller_not_despawn":2,"minecraft:stray":4,"alexsmobs:fly":1,"minecraft:wither_skeleton":1,"minecraft:blaze":5},"minecraft:custom":{"minecraft:interact_with_smithing_table":2,"minecraft:mob_kills":128,"minecraft:interact_with_crafting_table":35,"minecraft:open_barrel":35,"minecraft:damage_dealt_resisted":885,"minecraft:eat_cake_slice":10,"minecraft:leave_game":4,"minecraft:time_since_death":10141,"minecraft:climb_one_cm":22806,"minecraft:sprint_one_cm":686977,"minecraft:walk_one_cm":625913,"minecraft:damage_blocked_by_shield":400,"minecraft:drop":34,"minecraft:damage_dealt_absorbed":40,"minecraft:talked_to_villager":7,"minecraft:play_time":216220,"minecraft:deaths":28,"minecraft:sneak_time":9489,"minecraft:walk_under_water_one_cm":10376,"minecraft:jump":3200,"minecraft:interact_with_brewingstand":6,"minecraft:walk_on_water_one_cm":12001,"minecraft:total_world_time":216220,"minecraft:interact_with_furnace":17,"tombstone:raider_killed":4,"minecraft:interact_with_cartography_table":1,"minecraft:time_since_rest":9878,"minecraft:open_enderchest":1,"minecraft:damage_taken":12202,"minecraft:trigger_trapped_chest":1,"minecraft:damage_dealt":17562,"tombstone:cast_on_ally":0,"minecraft:fly_one_cm":506715,"minecraft:swim_one_cm":11053,"minecraft:open_chest":59,"minecraft:crouch_one_cm":15911,"tombstone:undead_killed":43,"minecraft:fall_one_cm":97033,"minecraft:inspect_dispenser":2},"minecraft:crafted":{"minecraft:oak_planks":472,"minecraft:coal":18,"regions_unexplored:maple_planks":40,"minecraft:cooked_chicken":6,"minecraft:furnace":2,"minecraft:stone":3,"minecraft:cooked_mutton":3,"minecraft:flint_and_steel":1,"minecraft:diamond":9,"minecraft:iron_boots":1,"minecraft:iron_axe":1,"minecraft:stone_pickaxe":1,"minecraft:chest":1,"sophisticatedbackpacks:iron_backpack":1,"minecraft:golden_axe":1,"minecraft:sugar":3,"minecraft:cooked_porkchop":3,"minecraft:crafting_table":12,"minecraft:wooden_pickaxe":1,"minecraft:baked_potato":14,"minecraft:iron_helmet":1,"tombstone:decorative_grave_simple":1,"minecraft:bucket":4,"minecraft:brewing_stand":1,"minecraft:birch_planks":12,"minecraft:stone_axe":2,"minecraft:bread":10,"minecraft:air":0,"minecraft:iron_chestplate":1,"minecraft:diamond_pickaxe":1,"minecraft:shield":1,"minecraft:stick":40,"tombstone:dark_marble":3,"minecraft:iron_ingot":18,"minecraft:iron_pickaxe":1,"minecraft:wooden_axe":1,"minecraft:stone_sword":1,"minecraft:iron_leggings":1,"minecraft:netherite_ingot":9,"minecraft:torch":84,"irons_spellbooks:wandering_magician_boots":1},"minecraft:used":{"minecraft:stone_sword":1,"minecraft:flint_and_steel":1,"minecraft:iron_shovel":26,"minecraft:chest":1,"minecraft:shield":11,"minecraft:iron_sword":237,"minecraft:cooked_chicken":6,"minecraft:netherrack":3,"regions_unexplored:maple_planks":30,"minecraft:torch":27,"minecraft:brewing_stand":1,"minecraft:dirt":14,"minecraft:wooden_axe":71,"tombstone:decorative_grave_simple":1,"minecraft:lava_bucket":19,"minecraft:iron_axe":296,"minecraft:rooted_dirt":1,"minecraft:iron_helmet":1,"minecraft:iron_boots":1,"minecraft:crimson_planks":1,"minecraft:golden_carrot":9,"minecraft:bow":57,"minecraft:furnace":4,"tombstone:gift":6,"minecraft:golden_axe":17,"minecraft:cooked_mutton":3,"minecraft:water_bucket":28,"tombstone:scroll_of_reach":1,"minecraft:birch_planks":6,"minecraft:oak_planks":376,"minecraft:baked_potato":14,"minecraft:stone_pickaxe":129,"minecraft:wooden_pickaxe":12,"minecraft:leather_boots":1,"minecraft:polished_blackstone_bricks":1,"minecraft:crafting_table":14,"minecraft:cake":1,"minecraft:oak_log":3,"minecraft:diamond_pickaxe":6,"minecraft:apple":11,"minecraft:bread":46,"minecraft:iron_pickaxe":97,"biomesoplenty:toadstool":3,"minecraft:gravel":24,"minecraft:stone_axe":143,"minecraft:cobblestone":52,"minecraft:potion":1,"minecraft:cooked_porkchop":3,"minecraft:bucket":49,"minecraft:bone_meal":9},"minecraft:dropped":{"born_in_chaos_v1:shattered_skull":1,"minecraft:wheat_seeds":1,"minecraft:glass_bottle":1,"born_in_chaos_v1:pieceofdarkmetal":2,"minecraft:stick":15,"minecraft:dirt":8,"biomesoplenty:flowering_oak_sapling":4,"minecraft:potion":1,"minecraft:chain":1,"minecraft:string":4,"alexsmobs:raccoon_tail":1,"regions_unexplored:raw_redstone_block":1,"minecraft:blackstone":1,"alexsmobs:animal_dictionary":1,"minecraft:birch_sapling":2,"born_in_chaos_v1:black_argillite_button":1,"minecraft:oak_planks":3,"sophisticatedbackpacks:backpack":1,"alexsmobs:blood_sac":2,"minecraft:tipped_arrow":1,"minecraft:oak_sapling":8,"minecraft:leather_boots":1,"born_in_chaos_v1:corpse_maggot":5,"minecraft:bow":1,"born_in_chaos_v1:marigolds":1},"minecraft:picked_up":{"minecraft:iron_chestplate":1,"minecraft:crafting_table":2,"iceandfire:witherbone":1,"minecraft:chicken":6,"born_in_chaos_v1:seedof_chaos":1,"minecraft:gold_block":15,"minecraft:potion":2,"minecraft:crimson_planks":1,"minecraft:chain":1,"minecraft:brewing_stand":1,"minecraft:string":16,"minecraft:blackstone":1,"minecraft:cracked_stone_bricks":1,"alexsmobs:blood_sac":2,"minecraft:gold_nugget":4,"minecraft:redstone_torch":1,"alexsmobs:raccoon_tail":1,"minecraft:sugar_cane":3,"minecraft:coal_block":2,"minecraft:birch_sapling":2,"minecraft:furnace":2,"minecraft:tipped_arrow":1,"minecraft:stick":22,"born_in_chaos_v1:shattered_skull":2,"sophisticatedbackpacks:backpack":1,"minecraft:torch":6,"minecraft:blue_carpet":1,"minecraft:porkchop":3,"minecraft:polished_blackstone_bricks":10,"minecraft:golden_axe":1,"minecraft:target":1,"regions_unexplored:raw_redstone_block":1,"tombstone:grave_dust":5,"born_in_chaos_v1:pieceofdarkmetal":2,"minecraft:carrot":1,"minecraft:redstone":2,"minecraft:stone_pressure_plate":1,"minecraft:arrow":27,"minecraft:rotten_flesh":10,"regions_unexplored:maple_sapling":1,"minecraft:iron_block":2,"tombstone:essence_of_undeath":1,"minecraft:blaze_rod":3,"minecraft:mutton":8,"minecraft:white_wool":6,"minecraft:cobblestone":89,"minecraft:enchanting_table":1,"minecraft:birch_log":3,"minecraft:pink_petals":3,"born_in_chaos_v1:corpse_maggot":7,"minecraft:feather":2,"minecraft:basalt":2,"born_in_chaos_v1:spiritual_dust":2,"minecraft:leather":2,"paraglider:spirit_orb":26,"minecraft:flint":2,"minecraft:tuff":2,"minecraft:oak_log":183,"born_in_chaos_v1:black_argillite_button":1,"minecraft:nether_wart_block":8,"minecraft:dirt":22,"minecraft:purple_carpet":1,"born_in_chaos_v1:marigolds":1,"minecraft:leather_boots":2,"minecraft:bone":35,"minecraft:gray_carpet":2,"minecraft:apple":9,"minecraft:stone_bricks":6,"minecraft:bow":2,"minecraft:wheat_seeds":4,"minecraft:iron_ingot":1,"tombstone:bag_of_seeds":1,"minecraft:glowstone_dust":3,"minecraft:oak_planks":37,"minecraft:iron_sword":1,"biomesoplenty:toadstool":3,"minecraft:pumpkin":2,"irons_spellbooks:frozen_bone":14,"minecraft:stone_brick_slab":1,"minecraft:gravel":24,"minecraft:netherite_block":1,"minecraft:diamond_block":1,"minecraft:spider_eye":8,"minecraft:mossy_cobblestone":3,"biomesoplenty:flowering_oak_sapling":5,"minecraft:bundle":3,"born_in_chaos_v1:fire_dust":2,"regions_unexplored:maple_log":10,"minecraft:emerald":1,"minecraft:bread":2,"alexsmobs:maggot":2,"minecraft:rooted_dirt":1,"minecraft:oak_sapling":21,"minecraft:netherrack":3,"minecraft:coal":8},"minecraft:mined":{"minecraft:blue_carpet":1,"minecraft:tuff":2,"minecraft:stone_pressure_plate":1,"minecraft:mossy_cobblestone":8,"regions_unexplored:maple_log":10,"minecraft:brewing_stand":1,"minecraft:gray_stained_glass_pane":2,"minecraft:nether_bricks":10,"minecraft:spruce_fence":1,"minecraft:grass_block":6,"minecraft:cracked_polished_blackstone_bricks":2,"biomesoplenty:flowering_oak_leaves":1,"minecraft:white_stained_glass":1,"minecraft:redstone_wire":2,"minecraft:coal_block":2,"minecraft:smooth_stone":1,"regions_unexplored:raw_redstone_block":2,"minecraft:rooted_dirt":1,"minecraft:spawner":13,"biomesoplenty:blackstone_bulb":3,"minecraft:large_fern":1,"minecraft:polished_blackstone_bricks":11,"minecraft:weeping_vines_plant":1,"minecraft:magma_block":2,"minecraft:glowstone":2,"minecraft:furnace":2,"minecraft:diamond_block":1,"biomesoplenty:toadstool":3,"born_in_chaos_v1:black_argillite_brick_slab":3,"minecraft:fire":4,"biomesoplenty:lavender":1,"minecraft:pumpkin":5,"minecraft:target":1,"minecraft:enchanting_table":1,"biomesoplenty:flesh":1,"minecraft:gold_block":15,"minecraft:purple_carpet":1,"biomesoplenty:webbing":3,"biomesoplenty:barley":10,"regions_unexplored:medium_grass":5,"minecraft:stone":77,"minecraft:iron_block":2,"minecraft:netherite_block":1,"minecraft:blackstone":1,"minecraft:brown_stained_glass_pane":2,"minecraft:basalt":4,"minecraft:stone_brick_slab":1,"minecraft:crafting_table":1,"minecraft:torch":1,"minecraft:cobblestone":26,"minecraft:tall_grass":8,"born_in_chaos_v1:chipped_black_argillite_brick":5,"biomesoplenty:sprout":2,"minecraft:sugar_cane":2,"minecraft:oak_planks":32,"minecraft:wall_torch":2,"minecraft:pink_petals":1,"minecraft:chain":1,"minecraft:coarse_dirt":1,"graveyard:oak_coffin":1,"minecraft:nether_wart_block":8,"minecraft:birch_log":3,"minecraft:lilac":1,"minecraft:birch_leaves":4,"minecraft:stone_brick_stairs":1,"minecraft:grass":18,"minecraft:coal_ore":8,"minecraft:oak_log":213,"minecraft:gravel":26,"minecraft:dirt":12,"minecraft:gray_carpet":2,"minecraft:crimson_planks":1,"minecraft:cobweb":6,"minecraft:cracked_stone_bricks":1,"minecraft:stone_bricks":12,"minecraft:netherrack":3,"minecraft:oak_leaves":2,"minecraft:fern":6}},"DataVersion":3465}